code,entry_date,exit_date,entry_price,exit_price,pnl_pct,hold_days,exit_reason,entry_score,concurrent_positions,market_state_at_entry
159801,2024-03-28,2024-03-29,0.42,0.42,-0.0009999999999999998,20,到期,1.0,1,trend
159801,2024-05-30,2024-05-31,0.412,0.412,-0.001,20,到期,1.0,1,range
159801,2024-07-02,2024-07-03,0.415,0.415,-0.001,20,到期,1.0,1,range
159801,2024-08-06,2024-08-07,0.423,0.423,-0.001,20,到期,1.0,1,range
159801,2024-11-15,2024-11-18,0.609,0.608,-0.0026412151067323492,20,到期,1.0,1,trend
159801,2024-12-19,2024-12-20,0.606,0.605,-0.0026493399339934005,20,到期,1.0,1,trend
159801,2025-01-20,2025-01-21,0.608,0.61,0.0022878289473684237,20,到期,1.0,1,trend
159801,2025-02-26,2025-02-27,0.698,0.696,-0.003863896848137539,20,到期,1.0,1,trend
159801,2025-03-27,2025-03-28,0.624,0.624,-0.001,20,到期,1.0,1,range
159801,2025-07-28,2025-07-29,0.635,0.634,-0.0025740157480314972,20,到期,1.0,1,trend
159801,2025-08-27,2025-08-28,0.787,0.786,-0.002270012706480306,20,到期,1.0,1,trend
159801,2025-09-04,2025-09-05,0.728,0.732,0.0044917582417582464,4,止损,1.0,1,trend
159801,2025-10-16,2025-10-17,0.878,0.875,-0.004415148063781325,20,到期,1.0,1,trend
159801,2025-11-20,2025-11-21,0.822,0.806,-0.02045498783454976,19,止损,1.0,1,range
159801,2026-01-23,2026-01-26,1.012,1.013,-1.2351778656235265e-05,20,到期,1.0,1,trend
159801,2026-03-04,2026-03-05,0.9,0.921,0.022321666666666688,20,到期,1.0,1,range
159801,2026-05-21,2026-05-22,1.224,1.235,0.007982434640522973,20,到期,1.0,1,trend
159801,2026-05-25,2026-06-01,1.257,1.21,-0.038371917263325325,6,期末平仓,1.0,1,trend
159806,2024-03-29,2024-04-01,0.476,0.477,0.0010997899159663888,20,到期,1.0,1,trend
159806,2024-05-06,2024-05-07,0.498,0.496,-0.005014056224899603,20,到期,1.0,1,trend
159806,2024-06-04,2024-06-05,0.478,0.479,0.0010910041841004205,20,到期,1.0,1,range
159806,2024-11-06,2024-11-07,0.555,0.554,-0.0028009009009009028,20,到期,1.0,1,trend
159806,2024-12-06,2024-12-09,0.553,0.553,-0.0009999999999999998,20,到期,1.0,1,trend
159806,2025-01-10,2025-01-13,0.497,0.493,-0.009044265593561376,20,到期,1.0,1,range
159806,2025-03-10,2025-03-11,0.586,0.579,-0.012939419795221854,20,到期,1.0,1,trend
159806,2025-04-07,2025-04-08,0.491,0.48,-0.023392057026476596,15,止损,1.0,1,range
159806,2025-06-19,2025-06-20,0.521,0.522,0.0009184261036468346,20,到期,1.0,1,range
159806,2025-07-25,2025-07-28,0.587,0.584,-0.006108177172061333,20,到期,1.0,1,trend
159806,2025-08-25,2025-08-26,0.626,0.626,-0.001,20,到期,1.0,1,trend
159806,2025-09-23,2025-09-24,0.754,0.749,-0.007627984084880642,20,到期,1.0,1,trend
159806,2025-10-31,2025-11-03,0.826,0.819,-0.009470338983050856,20,到期,1.0,1,trend
159806,2025-12-03,2025-12-04,0.763,0.763,-0.001,20,到期,1.0,1,range
159806,2026-01-22,2026-01-23,0.838,0.838,-0.001,20,到期,1.0,1,trend
159806,2026-03-02,2026-03-03,0.819,0.819,-0.0009999999999999998,20,到期,1.0,1,trend
159806,2026-04-08,2026-04-09,0.814,0.815,0.00022788697788697914,20,到期,1.0,1,range
159806,2026-05-13,2026-05-14,0.921,0.921,-0.0009999999999999998,20,到期,1.0,1,trend
159823,2021-11-22,2021-11-23,0.846,0.842,-0.005725768321513006,20,到期,1.0,1,range
159823,2022-02-25,2022-02-28,0.749,0.747,-0.0036688918558077464,20,到期,1.0,1,range
159823,2022-06-15,2022-06-16,0.737,0.74,0.0030685210312076023,20,到期,1.0,1,trend
159823,2022-07-15,2022-07-18,0.707,0.707,-0.001,20,到期,1.0,1,range
159823,2022-12-15,2022-12-16,0.689,0.688,-0.0024506531204644424,20,到期,1.0,1,trend
159823,2023-01-16,2023-01-17,0.732,0.735,0.00309631147540984,20,到期,1.0,1,trend
159823,2023-02-22,2023-02-23,0.7,0.7,-0.0009999999999999998,20,到期,1.0,1,range
159823,2023-03-31,2023-04-03,0.711,0.709,-0.003811533052039384,20,到期,1.0,1,trend
159823,2023-05-18,2023-05-19,0.694,0.693,-0.0024402017291066296,20,到期,1.0,1,trend
159823,2023-06-19,2023-06-20,0.72,0.719,-0.0023881944444444454,20,到期,1.0,1,trend
159823,2023-07-21,2023-07-24,0.696,0.69,-0.009616379310344836,20,到期,1.0,1,trend
159823,2023-08-22,2023-08-23,0.673,0.671,-0.003970282317979201,20,到期,1.0,1,range
159823,2023-10-10,2023-10-11,0.664,0.673,0.012547439759036156,20,到期,1.0,1,range
159823,2024-03-22,2024-03-25,0.624,0.624,-0.001,20,到期,1.0,1,trend
159823,2024-04-25,2024-04-26,0.657,0.655,-0.004042617960426182,20,到期,1.0,1,trend
159823,2024-05-31,2024-06-03,0.701,0.701,-0.001,20,到期,1.0,1,trend
159823,2024-07-17,2024-07-18,0.706,0.702,-0.006662889518413604,20,到期,1.0,1,range
159825,2021-10-14,2021-10-15,0.96,0.951,-0.010370312500000008,20,到期,1.0,1,trend
159825,2021-11-15,2021-11-16,1.015,1.01,-0.005923645320196939,20,到期,1.0,1,trend
159825,2022-01-06,2022-01-07,1.032,1.03,-0.0029370155038759707,20,到期,1.0,1,trend
159825,2022-02-14,2022-02-15,0.965,0.96,-0.006178756476683943,20,到期,1.0,1,range
159825,2022-03-15,2022-03-16,0.867,0.879,0.012833910034602089,10,止损,1.0,1,range
159825,2022-04-29,2022-05-05,0.888,0.886,-0.0032511261261261282,20,到期,1.0,1,range
159825,2022-07-04,2022-07-05,1.056,1.05,-0.006678977272727277,20,到期,1.0,1,trend
159825,2022-08-03,2022-08-04,0.944,0.944,-0.001,20,到期,1.0,1,range
159825,2022-09-14,2022-09-15,0.965,0.966,3.5751295336788544e-05,20,到期,1.0,1,range
159825,2023-01-09,2023-01-10,0.865,0.863,-0.0033109826589595394,20,到期,1.0,1,range
159825,2023-02-17,2023-02-20,0.876,0.877,0.00014098173515981853,20,到期,1.0,1,trend
159825,2023-03-21,2023-03-22,0.85,0.851,0.0001758823529411774,20,到期,1.0,1,range
159825,2023-08-14,2023-08-15,0.764,0.764,-0.0009999999999999998,20,到期,1.0,1,range
159825,2023-12-18,2023-12-19,0.721,0.721,-0.001,20,到期,1.0,1,range
159825,2024-01-26,2024-01-29,0.668,0.67,0.0019925149700598826,20,到期,1.0,1,range
159825,2024-04-11,2024-04-12,0.688,0.688,-0.001,20,到期,1.0,1,trend
159825,2024-05-23,2024-05-24,0.744,0.748,0.004373655913978499,20,到期,1.0,1,trend
159825,2024-06-24,2024-06-25,0.663,0.662,-0.002507541478129715,19,止损,1.0,1,range
159825,2024-11-06,2024-11-07,0.718,0.72,0.0017841225626740972,20,到期,1.0,1,trend
159825,2024-12-06,2024-12-09,0.689,0.689,-0.001,20,到期,1.0,1,trend
159825,2025-01-08,2025-01-09,0.636,0.636,-0.001,20,到期,1.0,1,range
159825,2025-03-24,2025-03-25,0.667,0.666,-0.0024985007496251886,20,到期,1.0,1,trend
159825,2025-04-23,2025-04-24,0.685,0.685,-0.001,20,到期,1.0,1,trend
159825,2025-05-27,2025-05-28,0.689,0.69,0.00045065312046444254,20,到期,1.0,1,trend
159825,2025-06-27,2025-06-30,0.714,0.717,0.003199579831932777,20,到期,1.0,1,trend
159825,2025-07-28,2025-07-29,0.767,0.767,-0.001,20,到期,1.0,1,trend
159825,2025-09-02,2025-09-03,0.797,0.8,0.002762233375156841,20,到期,1.0,1,trend
159825,2025-10-13,2025-10-14,0.824,0.824,-0.001,20,到期,1.0,1,trend
159825,2025-11-11,2025-11-12,0.829,0.828,-0.002205669481302776,20,到期,1.0,1,trend
159825,2025-12-12,2025-12-15,0.814,0.813,-0.002227886977886979,20,到期,1.0,1,trend
159825,2026-01-14,2026-01-15,0.84,0.842,0.001379761904761907,20,到期,1.0,1,trend
159825,2026-02-12,2026-02-13,0.841,0.839,-0.003376932223543403,20,到期,1.0,1,trend
159825,2026-03-25,2026-03-26,0.835,0.833,-0.0033940119760479063,20,到期,1.0,1,range
159825,2026-05-15,2026-05-18,0.797,0.792,-0.007270388958594736,20,到期,1.0,1,range
159857,2021-10-14,2021-10-15,1.418,1.412,-0.005229196050775745,20,到期,1.0,1,trend
159857,2021-11-12,2021-11-15,1.515,1.516,-0.0003402640264025664,20,到期,1.0,1,trend
159857,2021-12-20,2021-12-21,1.382,1.375,-0.0060625904486251055,20,到期,1.0,1,range
159857,2022-03-29,2022-03-30,1.18,1.189,0.006623305084745864,20,到期,1.0,1,range
159857,2022-06-21,2022-06-22,1.316,1.316,-0.0009999999999999998,20,到期,1.0,1,trend
159857,2022-07-20,2022-07-21,1.446,1.445,-0.001691217150760643,20,到期,1.0,1,trend
159857,2022-08-19,2022-08-22,1.526,1.51,-0.011479685452162524,20,到期,1.0,1,trend
159857,2022-09-01,2022-09-02,1.347,1.346,-0.0017420193021528507,7,止损,1.0,1,range
159857,2022-12-05,2022-12-06,1.211,1.209,-0.002650701899256814,20,到期,1.0,1,range
159857,2023-02-14,2023-02-15,1.22,1.22,-0.001,20,到期,1.0,1,trend
159857,2023-04-03,2023-04-04,1.137,1.138,-0.0001209322779244593,20,到期,1.0,1,range
159857,2023-07-28,2023-07-31,0.986,0.99,0.003054766734279922,20,到期,1.0,1,range
159857,2024-01-31,2024-02-01,0.638,0.638,-0.001,13,止损,1.0,1,range
159857,2024-03-28,2024-03-29,0.701,0.7,-0.0024258202567760357,20,到期,1.0,1,range
159857,2024-11-06,2024-11-07,0.756,0.732,-0.032730158730158755,20,到期,1.0,1,trend
159857,2024-12-06,2024-12-09,0.699,0.696,-0.005289699570815455,20,到期,1.0,1,trend
159857,2025-04-07,2025-04-08,0.539,0.53,-0.017689239332096488,17,止损,1.0,1,range
159857,2025-07-25,2025-07-28,0.63,0.625,-0.00893253968253969,20,到期,1.0,1,trend
159857,2025-08-26,2025-08-27,0.692,0.692,-0.001,20,到期,1.0,1,trend
159857,2025-09-25,2025-09-26,0.791,0.788,-0.004790771175726931,20,到期,1.0,1,trend
159857,2025-11-03,2025-11-04,0.873,0.875,0.0012898052691867144,20,到期,1.0,1,trend
159857,2025-11-21,2025-11-24,0.786,0.788,0.001543256997455473,9,止损,1.0,1,range
159857,2026-01-13,2026-01-14,0.875,0.88,0.0047114285714285765,20,到期,1.0,1,trend
159857,2026-02-12,2026-02-13,0.958,0.95,-0.009346555323590822,20,到期,1.0,1,trend
159857,2026-03-24,2026-03-25,0.96,0.95,-0.011411458333333343,20,到期,1.0,1,trend
159857,2026-04-03,2026-04-07,0.836,0.832,-0.005782296650717707,7,止损,1.0,1,range
159857,2026-05-08,2026-06-01,0.929,0.925,-0.005303552206673847,17,期末平仓,1.0,1,trend
159867,2021-11-04,2021-11-05,0.856,0.851,-0.006838200934579444,20,到期,1.0,1,trend
159867,2021-12-03,2021-12-06,0.821,0.817,-0.005869671132764926,20,到期,1.0,1,trend
159867,2022-01-07,2022-01-10,0.897,0.892,-0.006571348940914163,20,到期,1.0,1,trend
159867,2022-02-14,2022-02-15,0.868,0.867,-0.002151497695852536,20,到期,1.0,1,trend
159867,2022-03-18,2022-03-21,0.818,0.812,-0.008331295843520653,20,到期,1.0,1,range
159867,2022-04-26,2022-04-27,0.738,0.73,-0.01183468834688348,18,止损,1.0,1,range
159867,2022-07-19,2022-07-20,0.871,0.868,-0.004442594718714124,20,到期,1.0,1,trend
159867,2022-09-14,2022-09-15,0.858,0.859,0.00016491841491841604,20,到期,1.0,1,range
159867,2022-10-28,2022-10-31,0.74,0.734,-0.009104054054054062,11,止损,1.0,1,range
159867,2023-01-03,2023-01-04,0.778,0.774,-0.0061388174807197994,20,到期,1.0,1,range
159867,2023-02-15,2023-02-16,0.805,0.805,-0.0009999999999999998,20,到期,1.0,1,trend
159867,2023-03-21,2023-03-22,0.778,0.779,0.00028470437017994983,20,到期,1.0,1,range
159867,2023-05-04,2023-05-05,0.75,0.75,-0.001,20,到期,1.0,1,range
159867,2023-08-15,2023-08-16,0.69,0.69,-0.0009999999999999998,20,到期,1.0,1,range
159867,2023-12-18,2023-12-19,0.663,0.661,-0.00401508295625943,20,到期,1.0,1,trend
159867,2024-01-25,2024-01-26,0.607,0.607,-0.0009999999999999998,20,到期,1.0,1,range
159867,2024-04-23,2024-04-24,0.62,0.62,-0.001,20,到期,1.0,1,trend
159867,2024-05-27,2024-05-28,0.68,0.68,-0.001,20,到期,1.0,1,trend
159867,2024-11-06,2024-11-07,0.608,0.605,-0.005931743421052637,20,到期,1.0,1,trend
159867,2024-12-06,2024-12-09,0.6,0.599,-0.002665833333333335,20,到期,1.0,1,trend
159867,2025-01-08,2025-01-09,0.548,0.55,0.002647810218978105,20,到期,1.0,1,range
159867,2025-04-10,2025-04-11,0.625,0.619,-0.010595200000000008,20,到期,1.0,1,trend
159867,2025-05-15,2025-05-16,0.601,0.601,-0.001,20,到期,1.0,1,trend
159867,2025-06-16,2025-06-17,0.612,0.613,0.0006331699346405245,20,到期,1.0,1,trend
159867,2025-07-30,2025-07-31,0.643,0.643,-0.001,20,到期,1.0,1,trend
159867,2025-09-02,2025-09-03,0.658,0.658,-0.0009999999999999998,20,到期,1.0,1,trend
159867,2025-10-14,2025-10-15,0.675,0.674,-0.002480740740740742,20,到期,1.0,1,trend
159867,2025-11-12,2025-11-13,0.673,0.673,-0.001,20,到期,1.0,1,trend
159867,2025-12-11,2025-12-12,0.636,0.636,-0.001,20,到期,1.0,1,range
159867,2026-03-09,2026-03-10,0.658,0.651,-0.011632978723404264,20,到期,1.0,1,trend
159867,2026-04-08,2026-04-09,0.628,0.623,-0.008957802547770708,20,到期,1.0,1,range
159867,2026-05-15,2026-05-18,0.603,0.601,-0.004315091210613601,20,到期,1.0,1,range
159915,2024-03-26,2024-03-27,1.792,1.787,-0.0037887834821429215,20,到期,1.0,1,trend
159915,2024-05-06,2024-05-07,1.853,1.851,-0.0020787911494873183,20,到期,1.0,1,trend
159915,2024-06-04,2024-06-05,1.806,1.805,-0.0015534330011074816,20,到期,1.0,1,trend
159915,2024-07-04,2024-07-05,1.616,1.615,-0.0016185024752475938,20,到期,1.0,1,range
159915,2024-11-06,2024-11-07,2.223,2.202,-0.010441970310391322,20,到期,1.0,1,trend
159915,2024-12-06,2024-12-09,2.224,2.219,-0.0032470773381296477,20,到期,1.0,1,trend
159915,2025-01-02,2025-01-03,2.019,2.02,-0.0005049529470035216,17,止损,1.0,1,range
159915,2025-03-10,2025-03-11,2.159,2.135,-0.012110699397869394,20,到期,1.0,1,trend
159915,2025-04-07,2025-04-08,1.775,1.792,0.008572676056338099,15,止损,1.0,1,range
159915,2025-07-03,2025-07-04,2.141,2.141,-0.0009999999999999998,20,到期,1.0,1,trend
159915,2025-08-05,2025-08-06,2.32,2.314,-0.003584913793103355,20,到期,1.0,1,trend
159915,2025-09-04,2025-09-05,2.751,2.75,-0.0013633224282078844,20,到期,1.0,1,trend
159915,2025-10-13,2025-10-14,3.054,3.093,0.011763752455795726,20,到期,1.0,1,trend
159915,2025-11-21,2025-11-24,2.904,2.925,0.006227789256198315,20,到期,1.0,1,range
159915,2025-12-29,2025-12-30,3.205,3.19,-0.005677847113884593,20,到期,1.0,1,trend
159915,2026-01-29,2026-01-30,3.292,3.286,-0.0028216889428917934,20,到期,1.0,1,trend
159915,2026-03-09,2026-03-10,3.201,3.267,0.019608247422680358,20,到期,1.0,1,range
159915,2026-04-08,2026-04-09,3.345,3.316,-0.009665321375186952,20,到期,1.0,1,trend
159915,2026-05-12,2026-05-13,3.94,3.91,-0.00861040609137051,20,到期,1.0,1,trend
159915,2026-05-15,2026-06-01,3.961,4.04,0.018934486240848317,12,期末平仓,1.0,1,trend
159919,2024-03-18,2024-03-19,3.553,3.549,-0.0021252462707571076,20,到期,1.0,1,trend
159919,2024-04-19,2024-04-22,3.486,3.486,-0.001,20,到期,1.0,1,trend
159919,2024-05-29,2024-05-30,3.57,3.562,-0.0032397759103641476,20,到期,1.0,1,trend
159919,2024-08-19,2024-08-20,3.367,3.37,-0.00010944460944457553,20,到期,1.0,1,range
159919,2024-10-29,2024-10-30,3.971,3.961,-0.003516998237219902,20,到期,1.0,1,trend
159919,2024-12-02,2024-12-03,3.993,3.993,-0.001,20,到期,1.0,1,trend
159919,2025-01-06,2025-01-07,3.811,3.812,-0.0007377328785096065,20,到期,1.0,1,range
159919,2025-03-12,2025-03-13,3.986,3.986,-0.001,20,到期,1.0,1,trend
159919,2025-04-15,2025-04-16,3.809,3.802,-0.002836833814649545,20,到期,1.0,1,range
159919,2025-06-13,2025-06-16,3.942,3.939,-0.0017606544901065735,20,到期,1.0,1,trend
159919,2025-07-14,2025-07-15,4.137,4.145,0.0009328015470147469,20,到期,1.0,1,trend
159919,2025-08-12,2025-08-13,4.288,4.291,-0.0003007229477611675,20,到期,1.0,1,trend
159919,2025-09-10,2025-09-11,4.607,4.602,-0.0020847623182113943,20,到期,1.0,1,trend
159919,2025-10-20,2025-10-21,4.713,4.723,0.001120729896032206,20,到期,1.0,1,trend
159919,2025-11-18,2025-11-19,4.759,4.758,-0.001210023114099671,20,到期,1.0,1,trend
159919,2026-01-06,2026-01-07,4.996,4.995,-0.0012000600480384974,20,到期,1.0,1,trend
159919,2026-02-05,2026-02-06,4.877,4.84,-0.008582837810129161,20,到期,1.0,1,trend
159919,2026-03-17,2026-03-18,4.846,4.851,3.126289723481097e-05,20,到期,1.0,1,range
159919,2026-05-15,2026-05-18,5.087,5.067,-0.004929624533123565,20,到期,1.0,1,trend
159919,2026-05-20,2026-06-01,5.043,5.12,0.014261054927622438,9,期末平仓,1.0,1,trend
159920,2024-03-20,2024-03-21,0.987,0.999,0.011151975683890588,20,到期,1.0,1,trend
159920,2024-04-22,2024-04-23,0.988,0.995,0.006081477732793528,20,到期,1.0,1,trend
159920,2024-05-24,2024-05-27,1.114,1.117,0.0016916517055654322,20,到期,1.0,1,trend
159920,2024-07-17,2024-07-18,1.094,1.089,-0.005568098720292609,20,到期,1.0,1,range
159920,2024-09-26,2024-09-27,1.186,1.218,0.025967959527824647,20,到期,1.0,1,trend
159920,2024-11-06,2024-11-07,1.25,1.248,-0.002599200000000001,20,到期,1.0,1,trend
159920,2024-12-05,2024-12-06,1.207,1.211,0.002312344656172331,20,到期,1.0,1,trend
159920,2025-01-06,2025-01-07,1.226,1.219,-0.006706769983686701,20,到期,1.0,1,range
159920,2025-02-25,2025-02-26,1.417,1.432,0.00958045165843324,20,到期,1.0,1,trend
159920,2025-03-26,2025-03-27,1.451,1.458,0.0038218470020674675,20,到期,1.0,1,trend
159920,2025-06-04,2025-06-05,1.448,1.459,0.006592886740331576,20,到期,1.0,1,trend
159920,2025-07-03,2025-07-04,1.476,1.469,-0.005740176151761447,20,到期,1.0,1,trend
159920,2025-08-05,2025-08-06,1.53,1.529,-0.0016532679738562822,20,到期,1.0,1,trend
159920,2025-09-04,2025-09-05,1.542,1.547,0.0022409208819713965,20,到期,1.0,1,trend
159920,2025-10-13,2025-10-14,1.589,1.6,0.005919131529263764,20,到期,1.0,1,trend
159920,2025-11-21,2025-11-24,1.559,1.568,0.004770044900577369,20,到期,1.0,1,range
159920,2026-02-02,2026-02-03,1.596,1.619,0.013403822055137786,20,到期,1.0,1,range
159920,2026-03-17,2026-03-18,1.538,1.54,0.00029973992197659407,20,到期,1.0,1,range
159920,2026-05-21,2026-05-22,1.496,1.508,0.0070173796791443924,20,到期,1.0,1,range
159928,2024-03-21,2024-03-22,0.885,0.885,-0.001,20,到期,1.0,1,trend
159928,2024-04-23,2024-04-24,0.865,0.863,-0.0033109826589595394,20,到期,1.0,1,trend
159928,2024-05-27,2024-05-28,0.888,0.888,-0.0009999999999999998,20,到期,1.0,1,trend
159928,2024-11-18,2024-11-19,0.839,0.839,-0.001,20,到期,1.0,1,trend
159928,2025-01-08,2025-01-09,0.781,0.78,-0.0022797695262484004,20,到期,1.0,1,range
159928,2025-04-03,2025-04-07,0.826,0.81,-0.02036077481840182,20,到期,1.0,1,trend
159928,2025-05-09,2025-05-12,0.823,0.825,0.0014289185905224813,20,到期,1.0,1,trend
159928,2025-06-12,2025-06-13,0.814,0.813,-0.002227886977886979,20,到期,1.0,1,range
159928,2025-08-22,2025-08-25,0.852,0.858,0.0060387323943662035,20,到期,1.0,1,trend
159928,2025-09-24,2025-09-25,0.847,0.846,-0.002180047225501772,20,到期,1.0,1,trend
159928,2025-12-08,2025-12-09,0.802,0.803,0.0002462593516209487,20,到期,1.0,1,range
159928,2026-03-13,2026-03-16,0.781,0.78,-0.0022797695262484004,20,到期,1.0,1,range
159928,2026-04-14,2026-04-15,0.751,0.75,-0.0023308921438082567,20,到期,1.0,1,range
159934,2024-01-24,2024-01-25,4.827,4.819,-0.0026565154340169894,20,到期,1.0,1,trend
159934,2024-03-06,2024-03-07,5.029,5.051,0.0033724398488765646,20,到期,1.0,1,trend
159934,2024-04-11,2024-04-12,5.587,5.688,0.01706864148917129,20,到期,1.0,1,trend
159934,2024-05-15,2024-05-16,5.602,5.674,0.011846126383434498,20,到期,1.0,1,trend
159934,2024-06-17,2024-06-18,5.51,5.514,-0.0002744101633393017,20,到期,1.0,1,trend
159934,2024-07-18,2024-07-19,5.813,5.69,-0.022148890418028443,20,到期,1.0,1,trend
159934,2024-08-19,2024-08-20,5.754,5.752,-0.0013474104970454953,20,到期,1.0,1,trend
159934,2024-09-20,2024-09-23,5.91,5.938,0.003735363790186054,20,到期,1.0,1,trend
159934,2024-10-31,2024-11-01,6.375,6.289,-0.014483450980392203,20,到期,1.0,1,trend
159934,2024-12-03,2024-12-04,6.193,6.179,-0.0032594865170352573,20,到期,1.0,1,trend
159934,2025-01-03,2025-01-06,6.292,6.286,-0.0019531150667514666,20,到期,1.0,1,trend
159934,2025-02-11,2025-02-12,6.875,6.835,-0.006815272727272732,20,到期,1.0,1,trend
159934,2025-03-12,2025-03-13,6.815,6.866,0.006479750550256678,20,到期,1.0,1,trend
159934,2025-04-11,2025-04-14,7.589,7.612,0.0020291869811568963,20,到期,1.0,1,trend
159934,2025-05-16,2025-05-19,7.495,7.531,0.0038008005336890712,20,到期,1.0,1,trend
159934,2025-06-20,2025-06-23,7.768,7.783,0.0009300334706488888,20,到期,1.0,1,trend
159934,2025-07-31,2025-08-01,7.677,7.673,-0.0015207763449263463,20,到期,1.0,1,range
159934,2025-09-01,2025-09-02,7.976,8.032,0.006017552657973928,20,到期,1.0,1,trend
159934,2025-10-16,2025-10-17,9.65,9.889,0.02375445595854912,20,到期,1.0,1,trend
159934,2025-11-17,2025-11-18,9.276,9.22,-0.0070340664079343645,20,到期,1.0,1,trend
159934,2025-12-23,2025-12-24,10.07,10.154,0.007337437934458752,20,到期,1.0,1,trend
159934,2026-01-26,2026-01-27,11.391,11.376,-0.002316170661048246,20,到期,1.0,1,trend
159934,2026-03-09,2026-03-10,11.355,11.44,0.00648194627917209,20,到期,1.0,1,trend
159934,2026-03-23,2026-03-24,9.351,9.61,0.026683723665917928,9,止损,1.0,1,range
159995,2021-12-01,2021-12-02,1.677,1.672,-0.003980023852116944,20,到期,1.0,1,trend
159995,2021-12-31,2022-01-04,1.628,1.632,0.0014557739557739583,20,到期,1.0,1,trend
159995,2022-07-04,2022-07-05,1.247,1.241,-0.0058091419406575825,20,到期,1.0,1,trend
159995,2022-08-02,2022-08-03,1.159,1.165,0.004174288179465061,20,到期,1.0,1,range
159995,2022-08-31,2022-09-01,1.148,1.157,0.006835801393728327,20,到期,1.0,1,range
159995,2022-12-14,2022-12-15,1.06,1.059,-0.001942924528301992,20,到期,1.0,1,trend
159995,2023-01-13,2023-01-16,1.014,1.005,-0.009871301775148045,20,到期,1.0,1,range
159995,2023-02-27,2023-02-28,1.027,1.03,0.0019196689386563914,20,到期,1.0,1,range
159995,2023-04-12,2023-04-13,1.264,1.255,-0.008116693037974777,20,到期,1.0,1,trend
159995,2023-04-26,2023-04-27,1.104,1.097,-0.00733740942028996,8,止损,1.0,1,range
159995,2023-11-28,2023-11-29,0.973,0.974,2.723535457348496e-05,20,到期,1.0,1,trend
159995,2024-03-28,2024-03-29,0.847,0.844,-0.004540141676505316,20,到期,1.0,1,trend
159995,2024-05-30,2024-05-31,0.83,0.83,-0.001,20,到期,1.0,1,range
159995,2024-07-03,2024-07-04,0.84,0.841,0.00018988095238095374,20,到期,1.0,1,trend
159995,2024-08-06,2024-08-07,0.849,0.847,-0.003354534746760897,20,到期,1.0,1,range
159995,2024-11-08,2024-11-11,1.274,1.288,0.009983516483516494,20,到期,1.0,1,trend
159995,2024-12-10,2024-12-11,1.201,1.198,-0.0034966694421316516,20,到期,1.0,1,trend
159995,2025-01-10,2025-01-13,1.195,1.18,-0.013546025104602614,20,到期,1.0,1,range
159995,2025-02-19,2025-02-20,1.318,1.318,-0.0009999999999999998,20,到期,1.0,1,trend
159995,2025-03-25,2025-03-26,1.251,1.251,-0.001,20,到期,1.0,1,range
159995,2025-07-25,2025-07-28,1.278,1.28,0.0005641627543036007,20,到期,1.0,1,trend
159995,2025-08-27,2025-08-28,1.58,1.581,-0.00036740506329120876,20,到期,1.0,1,trend
159995,2025-09-26,2025-09-29,1.837,1.833,-0.0031763745236799146,20,到期,1.0,1,trend
159995,2025-11-04,2025-11-05,1.739,1.696,-0.025714491086831597,20,到期,1.0,1,trend
159995,2025-12-04,2025-12-05,1.685,1.677,-0.0057454005934718146,20,到期,1.0,1,range
159995,2026-01-23,2026-01-26,2.043,2.045,-2.1536955457767976e-05,20,到期,1.0,1,trend
159995,2026-03-04,2026-03-05,1.816,1.861,0.023767345814977935,19,止损,1.0,1,range
159995,2026-05-21,2026-05-22,2.477,2.495,0.006263221639079629,20,到期,1.0,1,trend
159995,2026-05-25,2026-06-01,2.537,2.436,-0.040790894757587695,6,期末平仓,1.0,1,trend
159997,2021-12-06,2021-12-07,1.344,1.347,0.0012310267857142052,20,到期,1.0,1,trend
159997,2022-01-06,2022-01-07,1.309,1.309,-0.001,20,到期,1.0,1,range
159997,2022-07-01,2022-07-04,1.031,1.025,-0.006816682832201751,20,到期,1.0,1,trend
159997,2022-08-04,2022-08-05,1.001,1.005,0.0029940059940059983,20,到期,1.0,1,trend
159997,2022-09-07,2022-09-08,0.97,0.969,-0.0020304123711340216,20,到期,1.0,1,range
159997,2022-12-14,2022-12-15,0.895,0.894,-0.0021167597765363137,20,到期,1.0,1,trend
159997,2023-01-13,2023-01-16,0.873,0.87,-0.004434707903780071,20,到期,1.0,1,range
159997,2023-02-28,2023-03-01,0.939,0.937,-0.0031288604898827383,20,到期,1.0,1,trend
159997,2023-03-31,2023-04-03,1.024,1.033,0.007784667968749899,20,到期,1.0,1,trend
159997,2023-05-08,2023-05-09,0.949,0.953,0.0032128556375131756,20,到期,1.0,1,range
159997,2023-07-05,2023-07-06,1.003,1.001,-0.002993020937188437,20,到期,1.0,1,trend
159997,2023-08-03,2023-08-04,0.987,0.991,0.0030506585612968627,20,到期,1.0,1,trend
159997,2023-08-25,2023-08-28,0.875,0.915,0.04469142857142861,15,止损,1.0,1,range
159997,2023-11-27,2023-11-28,0.926,0.925,-0.0020793736501079924,20,到期,1.0,1,trend
159997,2024-03-26,2024-03-27,0.859,0.858,-0.002163562281722935,20,到期,1.0,1,trend
159997,2024-05-29,2024-05-30,0.828,0.827,-0.0022071256038647354,20,到期,1.0,1,range
159997,2024-07-03,2024-07-04,0.866,0.864,-0.0033083140877598173,20,到期,1.0,1,trend
159997,2024-08-06,2024-08-07,0.83,0.835,0.005021084337349403,20,到期,1.0,1,range
159997,2024-11-07,2024-11-08,1.16,1.177,0.013647844827586316,20,到期,1.0,1,trend
159997,2024-12-10,2024-12-11,1.114,1.111,-0.0036916517055656317,20,到期,1.0,1,trend
159997,2025-01-09,2025-01-10,1.082,1.078,-0.0046950092421441806,20,到期,1.0,1,range
159997,2025-02-25,2025-02-26,1.252,1.255,0.0013949680511181246,20,到期,1.0,1,trend
159997,2025-03-26,2025-03-27,1.148,1.145,-0.0036119337979093136,20,到期,1.0,1,range
159997,2025-07-16,2025-07-17,1.15,1.147,-0.003607391304347732,20,到期,1.0,1,trend
159997,2025-08-15,2025-08-18,1.293,1.3,0.0044110595514308725,20,到期,1.0,1,trend
159997,2025-09-16,2025-09-17,1.59,1.59,-0.001,20,到期,1.0,1,trend
159997,2025-10-23,2025-10-24,1.625,1.648,0.013146769230769175,20,到期,1.0,1,trend
159997,2025-11-21,2025-11-24,1.479,1.486,0.0037305611899931673,20,止损,1.0,1,range
159997,2026-01-08,2026-01-09,1.717,1.708,-0.0062390797903320435,20,到期,1.0,1,trend
159997,2026-02-09,2026-02-10,1.7,1.701,-0.00041205882352934593,20,到期,1.0,1,trend
159997,2026-03-24,2026-03-25,1.564,1.574,0.005390664961636833,20,到期,1.0,1,range
159997,2026-05-13,2026-05-14,2.21,2.222,0.004427149321266973,20,到期,1.0,1,trend
159997,2026-05-15,2026-06-01,2.124,2.231,0.0493514595103577,12,期末平仓,1.0,1,trend
510050,2024-03-04,2024-03-05,2.316,2.307,-0.004884067357512909,20,到期,1.0,1,trend
510050,2024-04-03,2024-04-08,2.328,2.321,-0.00400536941580742,20,到期,1.0,1,trend
510050,2024-05-16,2024-05-17,2.388,2.388,-0.001,20,到期,1.0,1,trend
510050,2024-06-17,2024-06-18,2.319,2.318,-0.0014310047434238423,20,到期,1.0,1,range
510050,2024-08-19,2024-08-20,2.31,2.314,0.0007307359307359323,20,到期,1.0,1,range
510050,2024-10-29,2024-10-30,2.644,2.634,-0.0047802571860817815,20,到期,1.0,1,trend
510050,2024-12-03,2024-12-04,2.622,2.619,-0.002143592677345412,20,到期,1.0,1,trend
510050,2025-01-06,2025-01-07,2.55,2.549,-0.0013919607843136824,20,到期,1.0,1,range
510050,2025-03-17,2025-03-18,2.718,2.727,0.0023096026490065846,20,到期,1.0,1,trend
510050,2025-04-16,2025-04-17,2.635,2.622,-0.005931119544591993,20,到期,1.0,1,trend
510050,2025-05-20,2025-05-21,2.7,2.7,-0.001,20,到期,1.0,1,trend
510050,2025-06-20,2025-06-23,2.669,2.663,-0.0032469089546647532,20,到期,1.0,1,trend
510050,2025-07-21,2025-07-22,2.81,2.812,-0.00028861209964420667,20,到期,1.0,1,trend
510050,2025-08-22,2025-08-25,2.986,2.999,0.003351473543201574,20,到期,1.0,1,trend
510050,2025-09-24,2025-09-25,2.992,2.994,-0.0003318850267378931,20,到期,1.0,1,trend
510050,2025-10-31,2025-11-03,3.08,3.073,-0.003271590909090947,20,到期,1.0,1,trend
510050,2025-12-01,2025-12-02,3.057,3.057,-0.001,20,到期,1.0,1,trend
510050,2026-01-06,2026-01-07,3.235,3.236,-0.0006910355486861411,20,到期,1.0,1,trend
510050,2026-02-05,2026-02-06,3.137,3.11,-0.00960264583997454,20,到期,1.0,1,trend
510050,2026-03-17,2026-03-18,3.039,3.045,0.0009733464955576782,20,到期,1.0,1,range
510050,2026-04-30,2026-06-01,3.042,2.99,-0.018085470085469957,20,期末平仓,1.0,1,trend
510100,2024-03-04,2024-03-05,2.234,2.232,-0.0018948075201431422,20,到期,1.0,1,trend
510100,2024-04-03,2024-04-08,2.25,2.246,-0.0027768888888888904,20,到期,1.0,1,trend
510100,2024-05-16,2024-05-17,2.309,2.307,-0.0018657427457774898,20,到期,1.0,1,trend
510100,2024-06-17,2024-06-18,2.236,2.236,-0.001,20,到期,1.0,1,range
510100,2024-08-19,2024-08-20,2.236,2.238,-0.00010599284436503596,20,到期,1.0,1,range
510100,2024-10-29,2024-10-30,2.564,2.558,-0.003338923556942366,20,到期,1.0,1,trend
510100,2024-12-03,2024-12-04,2.546,2.544,-0.001785153181461029,20,到期,1.0,1,trend
510100,2025-01-06,2025-01-07,2.475,2.473,-0.0018076767676768579,20,到期,1.0,1,range
510100,2025-03-17,2025-03-18,2.639,2.652,0.003923645320197175,20,到期,1.0,1,trend
510100,2025-04-16,2025-04-17,2.559,2.553,-0.0033434935521689047,20,到期,1.0,1,trend
510100,2025-05-20,2025-05-21,2.621,2.62,-0.0013813429988553565,20,到期,1.0,1,trend
510100,2025-06-20,2025-06-23,2.591,2.589,-0.0017715167888846866,20,到期,1.0,1,trend
510100,2025-07-21,2025-07-22,2.73,2.73,-0.001,20,到期,1.0,1,trend
510100,2025-08-22,2025-08-25,2.899,2.903,0.0003790962400827885,20,到期,1.0,1,trend
510100,2025-09-24,2025-09-25,2.905,2.905,-0.001,20,到期,1.0,1,trend
510100,2025-10-31,2025-11-03,2.992,2.991,-0.0013340574866309793,20,到期,1.0,1,trend
510100,2025-12-01,2025-12-02,2.973,2.974,-0.0006638076017489627,20,到期,1.0,1,trend
510100,2026-01-06,2026-01-07,3.152,3.15,-0.001634200507614284,20,到期,1.0,1,trend
510100,2026-02-05,2026-02-06,3.055,3.033,-0.008197708674304497,20,到期,1.0,1,trend
510100,2026-03-17,2026-03-18,2.962,2.965,1.2322754895229384e-05,20,到期,1.0,1,range
510100,2026-04-30,2026-06-01,2.973,2.93,-0.015456273124789676,20,期末平仓,1.0,1,trend
510300,2024-03-18,2024-03-19,3.381,3.375,-0.002773735581188933,20,到期,1.0,1,trend
510300,2024-04-19,2024-04-22,3.32,3.319,-0.0013010542168674366,20,到期,1.0,1,trend
510300,2024-05-29,2024-05-30,3.399,3.392,-0.00305839952927335,20,到期,1.0,1,trend
510300,2024-08-19,2024-08-20,3.208,3.213,0.0005578241895261512,20,到期,1.0,1,range
510300,2024-10-29,2024-10-30,3.802,3.79,-0.0041546554445028964,20,到期,1.0,1,trend
510300,2024-12-02,2024-12-03,3.82,3.819,-0.0012616492146596571,20,到期,1.0,1,trend
510300,2025-01-06,2025-01-07,3.642,3.634,-0.0031954969796814956,20,到期,1.0,1,range
510300,2025-03-12,2025-03-13,3.814,3.813,-0.0012620608285264525,20,到期,1.0,1,trend
510300,2025-04-15,2025-04-16,3.64,3.63,-0.0037458791208791844,20,到期,1.0,1,range
510300,2025-06-13,2025-06-16,3.769,3.763,-0.0025911382329530984,20,到期,1.0,1,trend
510300,2025-07-14,2025-07-15,3.955,3.959,1.0872313527181526e-05,20,到期,1.0,1,trend
510300,2025-08-12,2025-08-13,4.105,4.111,0.0004609013398293154,20,到期,1.0,1,trend
510300,2025-09-10,2025-09-11,4.415,4.404,-0.0034902604756512166,20,到期,1.0,1,trend
510300,2025-10-20,2025-10-21,4.517,4.533,0.0025404029222935607,20,到期,1.0,1,trend
510300,2025-11-18,2025-11-19,4.56,4.555,-0.0020959429824561173,20,到期,1.0,1,trend
510300,2026-01-06,2026-01-07,4.796,4.797,-0.0007915971643037017,20,到期,1.0,1,trend
510300,2026-02-05,2026-02-06,4.679,4.643,-0.00869010472323156,20,到期,1.0,1,trend
510300,2026-03-17,2026-03-18,4.646,4.652,0.00029078777442966583,20,到期,1.0,1,range
510300,2026-05-15,2026-05-18,4.878,4.855,-0.005712689626896205,20,到期,1.0,1,trend
510300,2026-05-21,2026-06-01,4.897,4.92,0.0036944047375943815,8,期末平仓,1.0,1,trend
510500,2024-03-26,2024-03-27,5.12,5.118,-0.001390429687499957,20,到期,1.0,1,trend
510500,2024-05-06,2024-05-07,5.374,5.37,-0.0017439523632302866,20,到期,1.0,1,trend
510500,2024-06-04,2024-06-05,5.212,5.212,-0.001,20,到期,1.0,1,range
510500,2024-11-06,2024-11-07,6.07,6.037,-0.006433855024711756,20,到期,1.0,1,trend
510500,2024-12-06,2024-12-09,5.923,5.922,-0.001168748944791547,20,到期,1.0,1,trend
510500,2025-01-03,2025-01-06,5.37,5.362,-0.0024890130353817513,18,止损,1.0,1,range
510500,2025-03-11,2025-03-12,5.974,5.987,0.0011750083696015902,20,到期,1.0,1,trend
510500,2025-04-07,2025-04-08,5.218,5.25,0.005129551552318902,17,止损,1.0,1,range
510500,2025-07-03,2025-07-04,5.909,5.896,-0.00319893382975121,20,到期,1.0,1,trend
510500,2025-08-01,2025-08-04,6.225,6.197,-0.005495742971887483,20,到期,1.0,1,trend
510500,2025-09-01,2025-09-02,7.144,7.113,-0.005337136058230641,20,到期,1.0,1,trend
510500,2025-10-09,2025-10-10,7.587,7.549,-0.006006063002504201,20,到期,1.0,1,trend
510500,2025-11-21,2025-11-24,6.86,6.898,0.004536588921282706,20,到期,1.0,1,range
510500,2026-01-21,2026-01-22,8.432,8.46,0.0023190227703985375,20,到期,1.0,1,trend
510500,2026-03-02,2026-03-03,8.733,8.74,-0.00019884346730795013,20,到期,1.0,1,trend
510500,2026-04-03,2026-04-07,7.603,7.617,0.0008404577140602703,20,到期,1.0,1,range
510500,2026-05-19,2026-05-20,8.703,8.652,-0.006857118235091366,20,到期,1.0,1,trend
510500,2026-05-21,2026-06-01,8.8,8.48,-0.03734545454545457,8,期末平仓,1.0,1,trend
512010,2024-04-11,2024-04-12,0.353,0.352,-0.0038314447592068014,20,到期,1.0,1,range
512010,2024-05-30,2024-05-31,0.353,0.355,0.004662889518413604,20,到期,1.0,1,range
512010,2024-11-06,2024-11-07,0.382,0.38,-0.0062329842931937215,20,到期,1.0,1,trend
512010,2024-12-06,2024-12-09,0.382,0.385,0.006849476439790583,20,到期,1.0,1,trend
512010,2025-01-07,2025-01-08,0.344,0.344,-0.001,20,止损,1.0,1,range
512010,2025-03-20,2025-03-21,0.366,0.365,-0.003730874316939893,20,到期,1.0,1,trend
512010,2025-04-25,2025-04-28,0.351,0.35,-0.00384757834757835,20,到期,1.0,1,range
512010,2025-06-09,2025-06-10,0.378,0.378,-0.001,20,到期,1.0,1,trend
512010,2025-07-09,2025-07-10,0.374,0.372,-0.006344919786096262,20,到期,1.0,1,trend
512010,2025-08-07,2025-08-08,0.407,0.406,-0.0034557739557738217,20,到期,1.0,1,trend
512010,2025-09-09,2025-09-10,0.445,0.444,-0.003246067415730339,20,到期,1.0,1,trend
512010,2025-10-21,2025-10-22,0.419,0.419,-0.001,20,到期,1.0,1,range
512010,2026-02-05,2026-02-06,0.384,0.383,-0.0036028645833333355,20,到期,1.0,1,range
512010,2026-05-18,2026-05-19,0.349,0.349,-0.001,20,到期,1.0,1,range
512170,2024-04-16,2024-04-17,0.313,0.313,-0.001,19,止损,1.0,1,range
512170,2024-06-05,2024-06-06,0.326,0.327,0.0020659509202454016,20,到期,1.0,1,range
512170,2024-11-07,2024-11-08,0.365,0.371,0.015430136986301385,20,到期,1.0,1,trend
512170,2024-12-06,2024-12-09,0.352,0.357,0.013197443181818196,20,到期,1.0,1,trend
512170,2025-01-02,2025-01-03,0.319,0.319,-0.001,17,止损,1.0,1,range
512170,2025-03-12,2025-03-13,0.346,0.346,-0.001,20,到期,1.0,1,trend
512170,2025-04-07,2025-04-08,0.305,0.306,0.002277049180327872,15,止损,1.0,1,range
512170,2025-07-03,2025-07-04,0.332,0.331,-0.0040105421686747016,20,到期,1.0,1,trend
512170,2025-08-01,2025-08-04,0.367,0.364,-0.009170299727520443,20,到期,1.0,1,trend
512170,2025-09-03,2025-09-04,0.388,0.389,0.0015760309278350538,20,到期,1.0,1,trend
512170,2025-10-15,2025-10-16,0.378,0.378,-0.001,20,到期,1.0,1,range
512170,2026-02-12,2026-02-13,0.358,0.357,-0.0037918994413407847,20,到期,1.0,1,trend
512170,2026-05-12,2026-06-01,0.34,0.31,-0.08919117647058832,15,期末平仓,1.0,1,range
512400,2024-01-29,2024-01-30,0.858,0.856,-0.003329836829836832,20,到期,1.0,1,range
512400,2024-03-21,2024-03-22,1.006,0.999,-0.00795477137176939,20,到期,1.0,1,trend
512400,2024-04-23,2024-04-24,1.012,1.004,-0.008901185770750995,20,到期,1.0,1,trend
512400,2024-06-06,2024-06-07,1.017,1.028,0.009810717797443582,20,到期,1.0,1,range
512400,2024-10-29,2024-10-30,1.037,1.032,-0.0058191899710702925,20,到期,1.0,1,trend
512400,2024-11-29,2024-12-02,1.016,1.017,-1.6240157480423498e-05,20,到期,1.0,1,trend
512400,2025-01-08,2025-01-09,0.969,0.966,-0.004094427244582046,20,到期,1.0,1,range
512400,2025-03-05,2025-03-06,1.025,1.028,0.0019253658536586475,20,到期,1.0,1,trend
512400,2025-04-03,2025-04-07,1.038,0.968,-0.06840366088631991,20,到期,1.0,1,trend
512400,2025-05-22,2025-05-23,1.053,1.051,-0.0028983855650522336,20,到期,1.0,1,trend
512400,2025-06-24,2025-06-25,1.088,1.091,0.0017559742647057825,20,到期,1.0,1,trend
512400,2025-07-24,2025-07-25,1.273,1.267,-0.005710919088766697,20,到期,1.0,1,trend
512400,2025-08-25,2025-08-26,1.431,1.426,-0.004492313067784847,20,到期,1.0,1,trend
512400,2025-09-23,2025-09-24,1.483,1.474,-0.007065745111261037,20,到期,1.0,1,trend
512400,2025-10-30,2025-10-31,1.784,1.776,-0.005482062780269062,20,到期,1.0,1,trend
512400,2025-11-28,2025-12-01,1.704,1.748,0.02480868544600941,20,到期,1.0,1,trend
512400,2025-12-29,2025-12-30,1.878,1.816,-0.03399733759318415,20,到期,1.0,1,trend
512400,2026-01-30,2026-02-02,2.339,2.105,-0.10099273193672509,20,到期,1.0,1,trend
512400,2026-03-11,2026-03-12,2.271,2.25,-0.010242404227212641,20,到期,1.0,1,trend
512400,2026-05-21,2026-05-22,1.947,1.951,0.0010534155110426314,11,止损,1.0,1,range
512660,2021-11-26,2021-11-29,1.414,1.399,-0.011602899575671784,20,到期,1.0,1,trend
512660,2021-12-27,2021-12-28,1.383,1.383,-0.001,20,到期,1.0,1,trend
512660,2022-01-20,2022-01-21,1.263,1.247,-0.013661916072842275,14,止损,1.0,1,range
512660,2022-06-29,2022-06-30,1.163,1.161,-0.002718830610490113,20,到期,1.0,1,trend
512660,2022-07-29,2022-08-01,1.191,1.195,0.002356842989084806,20,到期,1.0,1,trend
512660,2022-08-31,2022-09-01,1.137,1.135,-0.0027581354441512766,20,到期,1.0,1,range
512660,2022-10-14,2022-10-17,1.124,1.13,0.004335409252668846,20,到期,1.0,1,range
512660,2022-11-21,2022-11-22,1.17,1.167,-0.00356282051282042,20,到期,1.0,1,trend
512660,2023-03-02,2023-03-03,1.145,1.146,-0.0001270742358079563,20,到期,1.0,1,trend
512660,2023-03-31,2023-04-03,1.091,1.091,-0.001,20,到期,1.0,1,range
512660,2023-05-10,2023-05-11,1.083,1.083,-0.001,20,到期,1.0,1,range
512660,2023-07-20,2023-07-21,1.07,1.069,-0.0019341121495328145,20,到期,1.0,1,range
512660,2023-12-13,2023-12-14,0.963,0.968,0.004189511941848395,20,到期,1.0,1,range
512660,2024-03-29,2024-04-01,0.9,0.905,0.004552777777777782,20,到期,1.0,1,trend
512660,2024-05-06,2024-05-07,0.899,0.897,-0.0032235817575083443,20,到期,1.0,1,trend
512660,2024-06-05,2024-06-06,0.916,0.917,9.115720524017568e-05,20,到期,1.0,1,trend
512660,2024-07-09,2024-07-10,0.847,0.844,-0.004540141676505316,20,到期,1.0,1,range
512660,2024-08-23,2024-08-26,0.832,0.83,-0.003402644230769233,20,到期,1.0,1,range
512660,2024-11-06,2024-11-07,1.161,1.143,-0.016496124031007767,20,到期,1.0,1,trend
512660,2024-12-05,2024-12-06,1.068,1.071,0.00180758426966282,20,到期,1.0,1,trend
512660,2025-01-08,2025-01-09,0.965,0.961,-0.005143005181347154,20,到期,1.0,1,range
512660,2025-03-20,2025-03-21,1.082,1.078,-0.0046950092421441806,20,到期,1.0,1,trend
512660,2025-06-09,2025-06-10,1.062,1.061,-0.0019411487758946439,20,到期,1.0,1,trend
512660,2025-07-09,2025-07-10,1.116,1.113,-0.003686827956989349,20,到期,1.0,1,trend
512660,2025-08-08,2025-08-11,1.234,1.234,-0.0009999999999999998,20,到期,1.0,1,trend
512660,2025-09-08,2025-09-09,1.193,1.19,-0.003513411567477044,20,到期,1.0,1,trend
512660,2025-11-07,2025-11-10,1.195,1.196,-0.0001635983263599247,20,到期,1.0,1,range
512660,2026-01-12,2026-01-13,1.682,1.654,-0.01763852556480382,20,到期,1.0,1,trend
512660,2026-02-10,2026-02-11,1.469,1.465,-0.0037215793056501042,20,到期,1.0,1,trend
512660,2026-03-23,2026-03-24,1.259,1.276,0.01249602859412242,19,止损,1.0,1,range
512660,2026-05-26,2026-05-27,1.348,1.348,-0.001,20,到期,1.0,1,range
512690,2024-03-22,2024-03-25,0.696,0.692,-0.0067442528735632236,20,到期,1.0,1,trend
512690,2024-04-25,2024-04-26,0.68,0.682,0.0019397058823529439,20,到期,1.0,1,trend
512690,2024-05-29,2024-05-30,0.683,0.68,-0.005390190336749637,20,到期,1.0,1,range
512690,2024-11-06,2024-11-07,0.643,0.64,-0.005663297045101092,20,到期,1.0,1,trend
512690,2024-12-06,2024-12-09,0.636,0.635,-0.002571540880503146,20,到期,1.0,1,trend
512690,2025-01-08,2025-01-09,0.575,0.575,-0.0009999999999999998,20,到期,1.0,1,range
512690,2025-03-27,2025-03-28,0.629,0.628,-0.002589030206677267,20,到期,1.0,1,trend
512690,2025-05-20,2025-05-21,0.593,0.593,-0.001,20,到期,1.0,1,range
512690,2025-08-21,2025-08-22,0.603,0.603,-0.001,20,到期,1.0,1,trend
512690,2025-09-24,2025-09-25,0.593,0.594,0.0006854974704890405,20,到期,1.0,1,trend
512690,2025-11-13,2025-11-14,0.607,0.605,-0.004293245469522243,20,到期,1.0,1,trend
512690,2026-03-12,2026-03-13,0.506,0.505,-0.0029752964426877485,20,到期,1.0,1,range
512760,2024-03-28,2024-03-29,0.396,0.396,-0.001,20,到期,1.0,1,range
512760,2024-05-30,2024-05-31,0.391,0.39,-0.003556265984654734,20,到期,1.0,1,range
512760,2024-07-02,2024-07-03,0.392,0.392,-0.001,20,到期,1.0,1,range
512760,2024-08-06,2024-08-07,0.397,0.397,-0.001,20,到期,1.0,1,range
512760,2024-11-08,2024-11-11,0.592,0.597,0.00744172297297298,20,到期,1.0,1,trend
512760,2024-11-26,2024-11-27,0.535,0.533,-0.004736448598130844,10,止损,1.0,1,trend
512760,2025-01-10,2025-01-13,0.544,0.536,-0.01569852941176472,20,到期,1.0,1,range
512760,2025-02-19,2025-02-20,0.609,0.609,-0.001,20,到期,1.0,1,trend
512760,2025-03-25,2025-03-26,0.586,0.585,-0.0027056313993174073,20,到期,1.0,1,range
512760,2025-07-24,2025-07-25,0.587,0.587,-0.001,20,到期,1.0,1,trend
512760,2025-08-27,2025-08-28,0.733,0.733,-0.001,20,到期,1.0,1,trend
512760,2025-09-26,2025-09-29,0.852,0.851,-0.0021731220657277006,20,到期,1.0,1,trend
512760,2025-11-04,2025-11-05,0.802,0.786,-0.02094014962593518,20,到期,1.0,1,trend
512760,2026-01-26,2026-01-27,0.936,0.932,-0.0052713675213675254,20,到期,1.0,1,trend
512760,2026-03-04,2026-03-05,0.854,0.873,0.02123711943793913,20,到期,1.0,1,range
512760,2026-05-19,2026-05-20,1.149,1.14,-0.008828981723237702,20,到期,1.0,1,trend
512760,2026-05-21,2026-06-01,1.225,1.14,-0.07035306122448995,8,期末平仓,1.0,1,trend
512800,2024-02-20,2024-02-21,0.575,0.574,-0.0027382608695652186,20,到期,1.0,1,trend
512800,2024-03-22,2024-03-25,0.575,0.574,-0.0027382608695652186,20,到期,1.0,1,trend
512800,2024-04-25,2024-04-26,0.609,0.606,-0.0059236453201970485,20,到期,1.0,1,trend
512800,2024-05-30,2024-05-31,0.625,0.626,0.0005992000000000013,20,到期,1.0,1,trend
512800,2024-07-25,2024-07-26,0.642,0.641,-0.002556853582554518,20,到期,1.0,1,trend
512800,2024-09-12,2024-09-13,0.599,0.598,-0.002668614357262105,20,到期,1.0,1,range
512800,2024-10-29,2024-10-30,0.699,0.698,-0.0024298998569384847,20,到期,1.0,1,trend
512800,2024-12-03,2024-12-04,0.705,0.703,-0.0038354609929078043,20,到期,1.0,1,trend
512800,2025-01-02,2025-01-03,0.726,0.726,-0.001,20,到期,1.0,1,trend
512800,2025-02-12,2025-02-13,0.75,0.749,-0.002332666666666668,20,到期,1.0,1,trend
512800,2025-03-13,2025-03-14,0.751,0.751,-0.0009999999999999998,20,到期,1.0,1,trend
512800,2025-04-15,2025-04-16,0.759,0.759,-0.0009999999999999998,20,到期,1.0,1,trend
512800,2025-05-19,2025-05-20,0.798,0.8,0.001505012531328323,20,到期,1.0,1,trend
512800,2025-06-19,2025-06-20,0.841,0.84,-0.0021884661117717013,20,到期,1.0,1,trend
512800,2025-07-25,2025-07-28,0.858,0.856,-0.003329836829836832,20,到期,1.0,1,trend
512800,2025-09-04,2025-09-05,0.838,0.834,-0.005770883054892606,20,到期,1.0,1,range
512800,2025-11-20,2025-11-21,0.849,0.848,-0.0021772673733804486,20,到期,1.0,1,trend
512800,2025-12-23,2025-12-24,0.82,0.821,0.00021890243902439126,20,到期,1.0,1,range
512800,2026-04-14,2026-04-15,0.794,0.794,-0.001,20,到期,1.0,1,trend
512800,2026-05-18,2026-05-19,0.771,0.771,-0.001,20,到期,1.0,1,range
512880,2021-10-15,2021-10-18,1.129,1.13,-0.00011470327723658988,20,到期,1.0,1,range
512880,2022-01-10,2022-01-11,1.138,1.138,-0.001,20,到期,1.0,1,range
512880,2022-07-11,2022-07-12,0.924,0.927,0.002245129870129873,20,到期,1.0,1,trend
512880,2022-09-08,2022-09-09,0.922,0.923,8.405639913232213e-05,20,到期,1.0,1,range
512880,2022-09-29,2022-09-30,0.82,0.819,-0.0022189024390243915,13,止损,1.0,1,range
512880,2022-12-14,2022-12-15,0.903,0.9,-0.004320598006644521,20,到期,1.0,1,trend
512880,2023-02-09,2023-02-10,0.944,0.941,-0.0041763771186440705,20,到期,1.0,1,trend
512880,2023-03-21,2023-03-22,0.903,0.904,0.00010686600221484046,20,到期,1.0,1,range
512880,2023-05-09,2023-05-10,0.983,0.973,-0.011167853509664302,20,到期,1.0,1,trend
512880,2023-06-07,2023-06-08,0.883,0.883,-0.001,20,到期,1.0,1,range
512880,2023-08-24,2023-08-25,0.992,0.988,-0.005030241935483874,20,到期,1.0,1,trend
512880,2023-10-30,2023-10-31,0.943,0.941,-0.003119830328738072,20,到期,1.0,1,range
512880,2023-12-06,2023-12-07,0.927,0.925,-0.003156418554476809,20,到期,1.0,1,range
512880,2024-03-21,2024-03-22,0.906,0.904,-0.003206401766004417,20,到期,1.0,1,trend
512880,2024-05-31,2024-06-03,0.839,0.836,-0.004573897497020266,20,到期,1.0,1,range
512880,2024-08-30,2024-09-02,0.814,0.809,-0.0071394348894347585,20,到期,1.0,1,trend
512880,2024-10-14,2024-10-15,1.124,1.103,-0.01967393238434175,20,到期,1.0,1,trend
512880,2024-11-13,2024-11-14,1.286,1.282,-0.004108864696734061,20,到期,1.0,1,trend
512880,2024-12-19,2024-12-20,1.198,1.195,-0.003502921535893065,20,到期,1.0,1,trend
512880,2025-01-03,2025-01-06,1.076,1.069,-0.007502323420074458,3,止损,1.0,1,range
512880,2025-04-07,2025-04-08,0.979,0.985,0.005125638406537288,15,止损,1.0,1,range
512880,2025-07-03,2025-07-04,1.131,1.13,-0.0018837312113175173,20,到期,1.0,1,trend
512880,2025-08-01,2025-08-04,1.191,1.186,-0.0051960537363561,20,到期,1.0,1,trend
512880,2025-09-02,2025-09-03,1.296,1.303,0.004398533950617203,20,到期,1.0,1,trend
512880,2025-11-04,2025-11-05,1.243,1.236,-0.006628720836685532,20,到期,1.0,1,range
512880,2026-01-27,2026-01-28,1.197,1.199,0.0006700083542188822,20,到期,1.0,1,range
512980,2021-10-18,2021-10-19,0.692,0.691,-0.0024443641618497125,20,到期,1.0,1,range
512980,2021-11-29,2021-11-30,0.743,0.743,-0.001,20,到期,1.0,1,trend
512980,2022-01-07,2022-01-10,0.864,0.858,-0.007940972222222228,20,到期,1.0,1,trend
512980,2022-01-25,2022-01-26,0.754,0.754,-0.0009999999999999998,11,止损,1.0,1,range
512980,2022-07-05,2022-07-06,0.623,0.621,-0.004208667736757627,20,到期,1.0,1,trend
512980,2022-08-18,2022-08-19,0.603,0.602,-0.002657545605306801,20,到期,1.0,1,range
512980,2022-09-20,2022-09-21,0.556,0.554,-0.004595323741007197,20,到期,1.0,1,range
512980,2022-12-08,2022-12-09,0.609,0.608,-0.0026412151067323492,20,到期,1.0,1,trend
512980,2023-01-12,2023-01-13,0.624,0.624,-0.001,20,到期,1.0,1,trend
512980,2023-02-20,2023-02-21,0.704,0.701,-0.005259232954545458,20,到期,1.0,1,trend
512980,2023-03-29,2023-03-30,0.806,0.801,-0.00720037220843673,20,到期,1.0,1,trend
512980,2023-04-28,2023-05-04,0.961,0.975,0.013560874089490128,20,到期,1.0,1,trend
512980,2023-05-23,2023-05-24,0.843,0.838,-0.006928232502965604,12,止损,1.0,1,trend
512980,2023-06-30,2023-07-03,0.894,0.895,0.00011800894854586247,20,到期,1.0,1,range
512980,2023-12-04,2023-12-05,0.792,0.788,-0.006047979797979802,20,到期,1.0,1,trend
512980,2023-12-27,2023-12-28,0.691,0.685,-0.0096787264833573,15,止损,1.0,1,range
512980,2024-03-22,2024-03-25,0.81,0.811,0.00023395061728395173,20,到期,1.0,1,trend
512980,2024-04-24,2024-04-25,0.695,0.688,-0.011066906474820153,20,到期,1.0,1,range
512980,2024-05-30,2024-05-31,0.656,0.656,-0.001,20,到期,1.0,1,range
512980,2024-11-06,2024-11-07,0.791,0.787,-0.006054361567635908,20,到期,1.0,1,trend
512980,2024-12-05,2024-12-06,0.859,0.867,0.008308498253783478,20,到期,1.0,1,trend
512980,2024-12-31,2025-01-02,0.774,0.774,-0.0009999999999999998,16,止损,1.0,1,range
512980,2025-03-14,2025-03-17,0.875,0.883,0.008138285714285723,20,到期,1.0,1,trend
512980,2025-04-07,2025-04-08,0.735,0.728,-0.010519047619047628,14,止损,1.0,1,range
512980,2025-07-01,2025-07-02,0.853,0.853,-0.001,20,到期,1.0,1,trend
512980,2025-07-31,2025-08-01,0.878,0.878,-0.0009999999999999998,20,到期,1.0,1,trend
512980,2025-08-29,2025-09-01,1.0,1.002,0.0009990000000000018,20,到期,1.0,1,trend
512980,2025-09-30,2025-10-09,1.057,1.059,0.0008912015137180719,20,到期,1.0,1,trend
512980,2025-11-28,2025-12-01,0.991,0.994,0.0020257315842583277,20,到期,1.0,1,range
512980,2026-02-12,2026-02-13,1.235,1.226,-0.00828380566801629,20,到期,1.0,1,trend
515000,2024-03-26,2024-03-27,0.563,0.562,-0.0027753108348133036,20,到期,1.0,1,trend
515000,2024-05-29,2024-05-30,0.532,0.53,-0.004757518796992485,20,到期,1.0,1,range
515000,2024-07-12,2024-07-15,0.539,0.538,-0.0028543599257884987,20,到期,1.0,1,range
515000,2024-08-13,2024-08-14,0.503,0.502,-0.002987077534791254,20,到期,1.0,1,range
515000,2024-11-07,2024-11-08,0.683,0.69,0.009243777452415659,20,到期,1.0,1,trend
515000,2024-12-10,2024-12-11,0.659,0.658,-0.0025166919575113824,20,到期,1.0,1,trend
515000,2025-01-09,2025-01-10,0.631,0.629,-0.004167987321711572,20,到期,1.0,1,range
515000,2025-02-26,2025-02-27,0.724,0.722,-0.0037610497237569084,20,到期,1.0,1,trend
515000,2025-04-03,2025-04-07,0.647,0.601,-0.07206182380216389,20,到期,1.0,1,range
515000,2025-07-03,2025-07-04,0.677,0.677,-0.001,20,到期,1.0,1,trend
515000,2025-08-01,2025-08-04,0.75,0.743,-0.010328666666666673,20,到期,1.0,1,trend
515000,2025-09-03,2025-09-04,0.94,0.941,6.329787234042659e-05,20,到期,1.0,1,trend
515000,2025-10-13,2025-10-14,0.999,1.008,0.008004504504504514,20,到期,1.0,1,trend
515000,2025-11-21,2025-11-24,0.893,0.897,0.0034770436730123216,20,止损,1.0,1,range
515000,2026-01-09,2026-01-12,1.042,1.04,-0.0029184261036468346,20,到期,1.0,1,trend
515000,2026-02-09,2026-02-10,1.041,1.042,-3.9865513928806994e-05,20,到期,1.0,1,trend
515000,2026-03-24,2026-03-25,0.984,0.994,0.00915752032520326,20,到期,1.0,1,range
515000,2026-05-11,2026-05-12,1.27,1.27,-0.0009999999999999998,20,到期,1.0,1,trend
515000,2026-05-15,2026-06-01,1.291,1.37,0.060162277304415326,12,期末平仓,1.0,1,trend
515050,2024-01-17,2024-01-18,0.264,0.264,-0.001,12,止损,1.0,1,range
515050,2024-03-25,2024-03-26,0.315,0.314,-0.004173015873015875,20,到期,1.0,1,trend
515050,2024-05-29,2024-05-30,0.305,0.304,-0.004277049180327872,20,到期,1.0,1,range
515050,2024-07-02,2024-07-03,0.336,0.336,-0.001,20,到期,1.0,1,trend
515050,2024-08-05,2024-08-06,0.298,0.303,0.015770134228187932,19,止损,1.0,1,range
515050,2024-11-07,2024-11-08,0.39,0.394,0.00925128205128206,20,到期,1.0,1,trend
515050,2024-12-06,2024-12-09,0.37,0.37,-0.001,20,到期,1.0,1,trend
515050,2025-01-09,2025-01-10,0.369,0.367,-0.0064173441734417394,20,到期,1.0,1,range
515050,2025-02-24,2025-02-25,0.425,0.417,-0.01981411764705884,20,到期,1.0,1,trend
515050,2025-03-26,2025-03-27,0.372,0.372,-0.001,20,到期,1.0,1,range
515050,2025-07-03,2025-07-04,0.397,0.396,-0.003517632241813604,20,到期,1.0,1,trend
515050,2025-08-01,2025-08-04,0.457,0.453,-0.009748358862144427,20,到期,1.0,1,trend
515050,2025-09-02,2025-09-03,0.638,0.632,-0.010399686520376183,20,到期,1.0,1,trend
515050,2025-10-10,2025-10-13,0.693,0.646,-0.06878715728715719,20,到期,1.0,1,trend
515050,2025-11-18,2025-11-19,0.657,0.655,-0.004042617960426182,20,到期,1.0,1,range
515050,2025-12-29,2025-12-30,0.77,0.766,-0.006192207792207797,20,到期,1.0,1,trend
515050,2026-01-29,2026-01-30,0.78,0.774,-0.008688461538461544,20,到期,1.0,1,trend
515050,2026-03-09,2026-03-10,0.776,0.79,0.017032216494845376,20,到期,1.0,1,trend
515050,2026-04-08,2026-04-09,0.851,0.837,-0.017443008225616934,20,到期,1.0,1,trend
515050,2026-05-18,2026-05-19,1.128,1.114,-0.013405141843971447,20,到期,1.0,1,trend
515050,2026-05-21,2026-06-01,1.153,1.18,0.022405464006938346,8,期末平仓,1.0,1,trend
515650,2021-11-04,2021-11-05,1.465,1.464,-0.0016822525597270388,20,到期,1.0,1,trend
515650,2021-12-14,2021-12-15,1.538,1.537,-0.0016498699609883692,20,到期,1.0,1,trend
515650,2022-01-14,2022-01-17,1.43,1.426,-0.0037958041958041982,20,到期,1.0,1,range
515650,2022-06-29,2022-06-30,1.38,1.386,0.0033456521739130478,20,到期,1.0,1,trend
515650,2022-07-29,2022-08-01,1.31,1.304,-0.005577862595419851,20,到期,1.0,1,trend
515650,2022-12-30,2023-01-03,1.264,1.264,-0.001,20,到期,1.0,1,trend
515650,2023-02-15,2023-02-16,1.34,1.337,-0.0032376865671642635,20,到期,1.0,1,trend
515650,2023-03-20,2023-03-21,1.246,1.247,-0.0001978330658105042,20,到期,1.0,1,range
515650,2023-07-18,2023-07-19,1.166,1.164,-0.0027144082332761594,20,到期,1.0,1,range
515650,2023-08-18,2023-08-21,1.159,1.16,-0.00013761863675591898,20,到期,1.0,1,range
515650,2023-10-10,2023-10-11,1.113,1.113,-0.001,20,到期,1.0,1,range
515650,2024-03-18,2024-03-19,1.131,1.131,-0.001,20,到期,1.0,1,trend
515650,2024-04-30,2024-05-06,1.18,1.19,0.007470338983050856,20,到期,1.0,1,trend
515650,2024-06-05,2024-06-06,1.162,1.157,-0.0053007745266780495,20,到期,1.0,1,trend
515650,2024-10-29,2024-10-30,1.17,1.165,-0.005271367521367431,20,到期,1.0,1,trend
515650,2024-12-03,2024-12-04,1.156,1.151,-0.005323096885813058,20,到期,1.0,1,trend
515650,2025-01-06,2025-01-07,1.135,1.134,-0.0018806167400882041,20,到期,1.0,1,range
515650,2025-04-17,2025-04-18,1.165,1.163,-0.002715879828326182,20,到期,1.0,1,trend
515650,2025-05-27,2025-05-28,1.179,1.179,-0.0009999999999999998,20,到期,1.0,1,trend
515650,2025-06-26,2025-06-27,1.139,1.138,-0.0018775241439860507,20,到期,1.0,1,range
515650,2025-08-22,2025-08-25,1.199,1.205,0.004001668056713932,20,到期,1.0,1,trend
515650,2025-09-24,2025-09-25,1.203,1.202,-0.0018308395677473913,20,到期,1.0,1,trend
515650,2025-12-12,2025-12-15,1.18,1.184,0.002388135593220342,20,到期,1.0,1,range
515650,2026-01-20,2026-01-21,1.177,1.176,-0.00184919286321165,20,到期,1.0,1,range
515650,2026-03-12,2026-03-13,1.147,1.142,-0.005357018308631312,20,到期,1.0,1,range
515980,2024-03-25,2024-03-26,0.414,0.41,-0.010657004830917883,20,到期,1.0,1,trend
515980,2024-05-29,2024-05-30,0.379,0.378,-0.0036372031662269154,20,到期,1.0,1,range
515980,2024-07-12,2024-07-15,0.385,0.383,-0.006192207792207797,20,到期,1.0,1,range
515980,2024-11-07,2024-11-08,0.496,0.499,0.005045362903225811,20,到期,1.0,1,trend
515980,2024-12-06,2024-12-09,0.497,0.501,0.0070442655935613755,20,到期,1.0,1,trend
515980,2025-01-08,2025-01-09,0.465,0.462,-0.007448387096774199,20,到期,1.0,1,range
515980,2025-02-27,2025-02-28,0.576,0.568,-0.014881944444444458,20,到期,1.0,1,trend
515980,2025-04-02,2025-04-03,0.508,0.502,-0.01280511811023623,20,到期,1.0,1,range
515980,2025-07-04,2025-07-07,0.512,0.51,-0.004904296875000004,20,到期,1.0,1,trend
515980,2025-08-05,2025-08-06,0.583,0.58,-0.006143224699828478,20,到期,1.0,1,trend
515980,2025-09-03,2025-09-04,0.835,0.84,0.004985029940119766,20,到期,1.0,1,trend
515980,2025-10-16,2025-10-17,0.837,0.833,-0.005776583034647555,20,到期,1.0,1,trend
515980,2025-11-14,2025-11-17,0.807,0.807,-0.001,15,止损,1.0,1,range
515980,2026-01-09,2026-01-12,0.941,0.952,0.010683846971307132,20,到期,1.0,1,trend
515980,2026-02-10,2026-02-11,0.934,0.933,-0.0020701284796573885,20,到期,1.0,1,trend
515980,2026-03-27,2026-03-30,0.852,0.835,-0.02094307511737091,20,到期,1.0,1,range
515980,2026-05-14,2026-05-15,1.133,1.132,-0.00188217122683152,20,到期,1.0,1,trend
515980,2026-05-19,2026-06-01,1.114,1.14,0.022327648114901077,10,期末平仓,1.0,1,trend
516050,2021-12-10,2021-12-13,0.921,0.924,0.002255700325732902,20,到期,1.0,1,trend
516050,2022-01-11,2022-01-12,0.859,0.859,-0.001,20,到期,1.0,1,range
516050,2022-07-14,2022-07-15,0.649,0.649,-0.001,20,到期,1.0,1,trend
516050,2022-09-01,2022-09-02,0.618,0.62,0.002234627831715213,20,到期,1.0,1,range
516050,2022-12-02,2022-12-05,0.611,0.61,-0.002635842880523733,20,到期,1.0,1,trend
516050,2023-01-03,2023-01-04,0.608,0.607,-0.002643914473684212,20,到期,1.0,1,trend
516050,2023-02-08,2023-02-09,0.649,0.646,-0.00562018489984592,20,到期,1.0,1,trend
516050,2023-03-09,2023-03-10,0.642,0.64,-0.004113707165109037,20,到期,1.0,1,trend
516050,2023-04-18,2023-04-19,0.717,0.713,-0.006576011157601121,20,到期,1.0,1,trend
516050,2023-05-12,2023-05-15,0.636,0.641,0.00685770440251573,13,止损,1.0,1,range
516050,2023-07-21,2023-07-24,0.653,0.651,-0.004061255742725883,20,到期,1.0,1,range
516050,2023-09-01,2023-09-04,0.626,0.626,-0.001,20,到期,1.0,1,range
516050,2023-11-27,2023-11-28,0.611,0.609,-0.004271685761047466,20,到期,1.0,1,range
516050,2024-01-09,2024-01-10,0.55,0.545,-0.010086363636363643,20,到期,1.0,1,range
516050,2024-03-26,2024-03-27,0.582,0.58,-0.004434707903780072,20,到期,1.0,1,trend
516050,2024-05-29,2024-05-30,0.551,0.547,-0.008255898366606177,20,到期,1.0,1,range
516050,2024-07-12,2024-07-15,0.561,0.556,-0.009908199643493768,20,到期,1.0,1,trend
516050,2024-08-13,2024-08-14,0.522,0.522,-0.001,20,到期,1.0,1,range
516050,2024-11-07,2024-11-08,0.714,0.735,0.02839705882352944,20,到期,1.0,1,trend
516050,2024-12-06,2024-12-09,0.691,0.691,-0.001,20,到期,1.0,1,trend
516050,2025-01-08,2025-01-09,0.656,0.654,-0.004047256097560978,20,到期,1.0,1,range
516050,2025-02-26,2025-02-27,0.76,0.761,0.0003151315789473694,20,到期,1.0,1,trend
516050,2025-04-03,2025-04-07,0.681,0.66,-0.031821585903083725,20,到期,1.0,1,range
516050,2025-07-04,2025-07-07,0.714,0.714,-0.001,20,到期,1.0,1,trend
516050,2025-08-05,2025-08-06,0.795,0.794,-0.002257232704402517,20,到期,1.0,1,trend
516050,2025-09-03,2025-09-04,0.985,0.998,0.012191370558375646,20,到期,1.0,1,trend
516050,2025-10-16,2025-10-17,1.03,1.027,-0.0039111650485437995,20,到期,1.0,1,trend
516050,2025-11-21,2025-11-24,0.95,0.95,-0.001,20,止损,1.0,1,range
516050,2026-01-07,2026-01-08,1.109,1.109,-0.001,20,到期,1.0,1,trend
516050,2026-02-06,2026-02-09,1.071,1.085,0.012065359477124196,20,到期,1.0,1,trend
516050,2026-03-24,2026-03-25,1.044,1.044,-0.001,20,到期,1.0,1,range
516050,2026-05-11,2026-05-12,1.352,1.35,-0.0024785502958579895,20,到期,1.0,1,trend
516050,2026-05-15,2026-06-01,1.374,1.467,0.06665174672489081,12,期末平仓,1.0,1,trend
516110,2021-09-29,2021-09-30,1.15,1.154,0.002476521739130438,14,止损,1.0,1,range
516110,2021-11-10,2021-11-11,1.337,1.344,0.004232984293193805,20,到期,1.0,1,trend
516110,2021-12-20,2021-12-21,1.231,1.23,-0.0018119415109667844,20,到期,1.0,1,range
516110,2022-06-15,2022-06-16,1.188,1.176,-0.011095959595959605,20,到期,1.0,1,trend
516110,2022-07-15,2022-07-18,1.224,1.227,0.001449754901960877,20,到期,1.0,1,trend
516110,2022-08-15,2022-08-16,1.196,1.197,-0.0001642976588627828,20,到期,1.0,1,trend
516110,2022-12-28,2022-12-29,0.969,0.969,-0.001,20,到期,1.0,1,range
516110,2023-02-10,2023-02-13,1.062,1.059,-0.003823446327683723,20,到期,1.0,1,trend
516110,2023-03-16,2023-03-17,0.944,0.95,0.005352754237288142,17,止损,1.0,1,range
516110,2023-07-04,2023-07-05,1.099,1.095,-0.004637852593266609,20,到期,1.0,1,trend
516110,2023-08-02,2023-08-03,1.128,1.124,-0.004544326241134558,20,到期,1.0,1,trend
516110,2023-09-01,2023-09-04,1.059,1.063,0.0027752596789424023,20,到期,1.0,1,range
516110,2023-10-10,2023-10-11,1.062,1.062,-0.001,20,到期,1.0,1,range
516110,2023-11-09,2023-11-10,1.072,1.064,-0.008458955223880602,20,到期,1.0,1,trend
516110,2023-12-13,2023-12-14,1.04,1.042,0.0009221153846153862,20,到期,1.0,1,range
516110,2024-03-25,2024-03-26,1.052,1.05,-0.0029001901140684426,20,到期,1.0,1,trend
516110,2024-04-25,2024-04-26,1.065,1.064,-0.001938497652582056,20,到期,1.0,1,trend
516110,2024-05-31,2024-06-03,1.052,1.048,-0.004800380228136885,20,到期,1.0,1,range
516110,2024-07-15,2024-07-16,1.095,1.088,-0.007389497716894881,20,到期,1.0,1,trend
516110,2024-08-14,2024-08-15,0.977,0.973,-0.005092118730808602,20,到期,1.0,1,range
516110,2024-10-18,2024-10-21,1.214,1.215,-0.00017668863261934768,20,到期,1.0,1,trend
516110,2024-11-19,2024-11-20,1.279,1.28,-0.00021853010164182016,20,到期,1.0,1,trend
516110,2024-12-19,2024-12-20,1.266,1.267,-0.0002105055292259952,20,到期,1.0,1,trend
516110,2025-01-22,2025-01-23,1.266,1.271,0.0029474723538703736,20,到期,1.0,1,trend
516110,2025-03-03,2025-03-04,1.31,1.295,-0.012444656488549711,20,到期,1.0,1,trend
516110,2025-04-07,2025-04-08,1.159,1.158,-0.0018623813632442725,15,止损,1.0,1,range
516110,2025-06-10,2025-06-11,1.276,1.276,-0.001,20,到期,1.0,1,range
516110,2025-07-23,2025-07-24,1.309,1.308,-0.0017635599694422383,20,到期,1.0,1,trend
516110,2025-08-21,2025-08-22,1.392,1.388,-0.003872126436781612,20,到期,1.0,1,trend
516110,2025-09-23,2025-09-24,1.515,1.514,-0.001659735973597287,20,到期,1.0,1,trend
516110,2025-10-31,2025-11-03,1.472,1.475,0.0010370244565218163,20,到期,1.0,1,trend
516110,2026-02-04,2026-02-05,1.38,1.381,-0.0002757246376810783,20,到期,1.0,1,range
516110,2026-05-11,2026-06-01,1.337,1.24,-0.07351421091997007,16,期末平仓,1.0,1,range
516160,2024-03-28,2024-03-29,1.96,1.967,0.002569642857142917,20,到期,1.0,1,range
516160,2024-05-06,2024-05-07,1.98,1.98,-0.001,20,到期,1.0,1,trend
516160,2024-06-04,2024-06-05,1.96,1.954,-0.004059693877551023,20,到期,1.0,1,range
516160,2024-10-30,2024-10-31,2.12,2.145,0.010786556603773543,20,到期,1.0,1,trend
516160,2024-12-02,2024-12-03,2.176,2.18,0.0008373161764705897,20,到期,1.0,1,trend
516160,2025-03-26,2025-03-27,1.977,1.975,-0.0020111279716742547,20,到期,1.0,1,trend
516160,2025-07-21,2025-07-22,2.006,2.006,-0.001,20,到期,1.0,1,trend
516160,2025-08-20,2025-08-21,2.153,2.155,-7.152810032522996e-05,20,到期,1.0,1,trend
516160,2025-09-19,2025-09-22,2.57,2.569,-0.001388910505836533,20,到期,1.0,1,trend
516160,2025-10-29,2025-10-30,2.94,2.945,0.000699829931972753,20,到期,1.0,1,trend
516160,2025-11-28,2025-12-01,2.829,2.837,0.001826440438317429,20,到期,1.0,1,trend
516160,2026-01-22,2026-01-23,3.015,3.033,0.00496716417910441,20,到期,1.0,1,trend
516160,2026-03-03,2026-03-04,3.033,2.987,-0.016158918562479335,20,到期,1.0,1,trend
516160,2026-04-07,2026-04-08,2.865,2.907,0.013652356020942343,20,到期,1.0,1,range
516160,2026-05-14,2026-05-15,3.223,3.221,-0.0016202295997517157,20,到期,1.0,1,trend
518880,2024-01-24,2024-01-25,4.626,4.607,-0.005105166450497217,20,到期,1.0,1,trend
518880,2024-03-06,2024-03-07,4.824,4.848,0.003972636815920402,20,到期,1.0,1,trend
518880,2024-04-11,2024-04-12,5.348,5.456,0.01918436798803301,20,到期,1.0,1,trend
518880,2024-05-15,2024-05-16,5.37,5.445,0.012959497206703943,20,到期,1.0,1,trend
518880,2024-06-17,2024-06-18,5.279,5.283,-0.00024265959462010836,20,到期,1.0,1,trend
518880,2024-07-18,2024-07-19,5.573,5.458,-0.021624887852144305,20,到期,1.0,1,trend
518880,2024-08-21,2024-08-22,5.537,5.535,-0.0013610258262596675,20,到期,1.0,1,trend
518880,2024-09-23,2024-09-24,5.711,5.723,0.0011001575906145276,20,到期,1.0,1,trend
518880,2024-10-31,2024-11-01,6.103,6.017,-0.015084384728821796,20,到期,1.0,1,trend
518880,2024-11-29,2024-12-02,5.923,5.85,-0.013318672969778894,20,到期,1.0,1,trend
518880,2024-12-31,2025-01-02,5.928,5.975,0.006924510796221274,20,到期,1.0,1,trend
518880,2025-02-07,2025-02-10,6.42,6.46,0.005227414330218075,20,到期,1.0,1,trend
518880,2025-03-12,2025-03-13,6.526,6.573,0.006198360404535795,20,到期,1.0,1,trend
518880,2025-04-11,2025-04-14,7.273,7.301,0.0028479307025987173,20,到期,1.0,1,trend
518880,2025-05-16,2025-05-19,7.177,7.206,0.003038665180437621,20,到期,1.0,1,trend
518880,2025-06-20,2025-06-23,7.436,7.452,0.0011506186121570756,20,到期,1.0,1,trend
518880,2025-07-31,2025-08-01,7.35,7.343,-0.0019519047619047175,20,到期,1.0,1,range
518880,2025-09-01,2025-09-02,7.647,7.75,0.012462599712305449,20,到期,1.0,1,trend
518880,2025-10-16,2025-10-17,9.244,9.497,0.026355419731717882,20,到期,1.0,1,trend
518880,2025-11-17,2025-11-18,8.882,8.837,-0.0060638932672821355,20,到期,1.0,1,trend
518880,2025-12-23,2025-12-24,9.639,9.719,0.007295466334682029,20,到期,1.0,1,trend
518880,2026-01-26,2026-01-27,10.924,10.883,-0.004751327352618122,20,到期,1.0,1,trend
518880,2026-03-09,2026-03-10,10.868,10.963,0.007736888111888007,20,到期,1.0,1,trend
518880,2026-03-23,2026-03-24,8.941,9.21,0.029071077060731476,9,止损,1.0,1,range
588000,2024-03-28,2024-03-29,0.799,0.798,-0.002250938673341678,20,到期,1.0,1,range
588000,2024-05-30,2024-05-31,0.777,0.778,0.00028635778635778737,20,到期,1.0,1,range
588000,2024-07-11,2024-07-12,0.751,0.747,-0.006323568575233028,20,到期,1.0,1,range
588000,2024-08-28,2024-08-29,0.704,0.701,-0.005259232954545458,20,到期,1.0,1,range
588000,2024-11-07,2024-11-08,1.087,1.109,0.01922907083716653,20,到期,1.0,1,trend
588000,2024-12-06,2024-12-09,1.067,1.065,-0.002873477038425494,20,到期,1.0,1,trend
588000,2025-01-08,2025-01-09,1.017,1.013,-0.004931170108161262,20,到期,1.0,1,range
588000,2025-03-11,2025-03-12,1.158,1.164,0.004178756476683943,20,到期,1.0,1,trend
588000,2025-07-23,2025-07-24,1.074,1.072,-0.0028612662942271894,20,到期,1.0,1,trend
588000,2025-08-27,2025-08-28,1.337,1.34,0.001242707554225964,20,到期,1.0,1,trend
588000,2025-09-26,2025-09-29,1.524,1.516,-0.006246719160104991,20,到期,1.0,1,trend
588000,2025-11-04,2025-11-05,1.455,1.43,-0.018173539518900435,20,到期,1.0,1,trend
588000,2025-12-04,2025-12-05,1.394,1.39,-0.0038680057388809207,20,到期,1.0,1,range
588000,2026-02-10,2026-02-11,1.55,1.54,-0.007448387096774199,20,到期,1.0,1,trend
588000,2026-03-23,2026-03-24,1.329,1.345,0.011033107599699034,16,止损,1.0,1,range
588000,2026-05-19,2026-05-20,1.871,1.857,-0.008478888295029402,20,到期,1.0,1,trend
588000,2026-05-21,2026-06-01,1.967,1.81,-0.08077707168276566,8,期末平仓,1.0,1,trend
