date,close,v9_ad_osc,future_return_5d
2021-06-07,1.21,,0.016528925619834656
2021-06-08,1.212,,0.0
2021-06-09,1.214,,0.029654036243822013
2021-06-10,1.247,,0.00400962309542896
2021-06-11,1.234,,0.023500810372771408
2021-06-15,1.23,,0.026016260162601723
2021-06-16,1.212,,0.05363036303630353
2021-06-17,1.25,,0.0016000000000000458
2021-06-18,1.252,,0.0007987220447283061
2021-06-21,1.263,,-0.0015835312747426444
2021-06-22,1.262,,-0.010301109350237647
2021-06-23,1.277,,0.003915426781519349
2021-06-24,1.252,,0.011182108626198062
2021-06-25,1.253,,-0.00877893056664003
2021-06-28,1.261,,0.003172085646312439
2021-06-29,1.249,,0.01040832666132907
2021-06-30,1.282,,-0.009360374414976613
2021-07-01,1.266,,0.015007898894154659
2021-07-02,1.242,,0.02012882447665043
2021-07-05,1.265,,0.037944664031620556
2021-07-06,1.262,,0.045958795562599075
2021-07-07,1.27,,0.020472440944881987
2021-07-08,1.285,,0.014007782101167265
2021-07-09,1.267,,0.019731649565903897
2021-07-12,1.313,,-0.006092916984006047
2021-07-13,1.32,,-0.012121212121212088
2021-07-14,1.296,,0.028549382716049232
2021-07-15,1.303,,0.024558710667689887
2021-07-16,1.292,,0.02244582043343657
2021-07-19,1.305,,-0.005363984674329414
2021-07-20,1.304,,-0.009969325153374342
2021-07-21,1.333,,-0.050262565641410295
2021-07-22,1.335,,-0.022471910112359605
2021-07-23,1.321,,-0.018168054504163478
2021-07-26,1.298,,0.015408320493066174
2021-07-27,1.291,,0.013168086754453912
2021-07-28,1.266,,0.048973143759873716
2021-07-29,1.305,,0.005363984674329636
2021-07-30,1.297,,0.006168080185042335
2021-08-02,1.318,208423.62116690545,0.0015174506828528056
2021-08-03,1.308,220877.523047861,0.013761467889908285
2021-08-04,1.328,230700.01736176666,-0.004518072289156683
2021-08-05,1.312,232878.7103860798,0.0015243902439023849
2021-08-06,1.305,239300.95198182133,-0.017624521072796884
2021-08-09,1.32,228729.07041847217,-0.026515151515151603
2021-08-10,1.326,219094.72566884826,-0.05882352941176472
2021-08-11,1.322,214520.5444272888,-0.05521936459909227
2021-08-12,1.314,209256.530510291,-0.045662100456621
2021-08-13,1.282,206527.25982858712,-0.017940717628705305
2021-08-16,1.285,201455.2346390253,0.0023346303501945442
2021-08-17,1.248,192160.1817990878,0.03205128205128216
2021-08-18,1.249,178837.0712697279,0.02642113690952752
2021-08-19,1.254,160163.06238871987,-0.0015948963317384823
2021-08-20,1.259,146203.8071588272,-0.002382843526608336
2021-08-23,1.288,134994.36607489735,-0.02795031055900621
2021-08-24,1.288,132437.56414808717,-0.05046583850931674
2021-08-25,1.282,132562.1699485496,-0.041341653666146616
2021-08-26,1.252,124537.54764295137,-0.0343450479233226
2021-08-27,1.256,114685.6003373533,-0.04060509554140124
2021-08-30,1.252,100269.07235646783,-0.02076677316293929
2021-08-31,1.223,86054.86608293501,0.005723630417007186
2021-09-01,1.229,70454.15344335441,0.0024410089503661414
2021-09-02,1.209,58559.315325918375,0.012406947890818865
2021-09-03,1.205,45435.83399419661,0.022406639004149298
2021-09-06,1.226,38134.09671086189,-0.005709624796084722
2021-09-07,1.23,28295.477344193845,-0.012195121951219412
2021-09-08,1.232,12987.48297752568,-0.021915584415584388
2021-09-09,1.224,1289.5320319100283,-0.030228758169934533
2021-09-10,1.232,-7849.791769742384,-0.03490259740259738
2021-09-13,1.219,-17172.440625158488,-0.02789171452009842
2021-09-14,1.215,-22880.71654824377,-0.012345679012345734
2021-09-15,1.205,-27900.17260277469,-0.004149377593361092
2021-09-16,1.187,-33087.00008587749,0.005897219882055493
2021-09-17,1.189,-39407.85183953715,0.000841042893187538
2021-09-22,1.185,-48573.92776336474,-0.013502109704641385
2021-09-23,1.2,-61730.60549819365,-0.01666666666666672
2021-09-24,1.2,-75655.52611181058,0.0
2021-09-27,1.194,-86843.42896568729,0.005025125628140614
2021-09-28,1.19,-100933.91515289736,-0.010084033613445342
2021-09-29,1.169,-111082.14117487741,0.015397775876817787
2021-09-30,1.18,-114116.32605748286,0.011016949152542477
2021-10-08,1.2,-116537.72212242475,0.004166666666666874
2021-10-11,1.2,-117687.90453934774,-0.007499999999999951
2021-10-12,1.178,-117592.96774574474,0.02037351443123936
2021-10-13,1.187,-118818.24248073401,0.0143218197135635
2021-10-14,1.193,-119551.32721572311,0.003352891869237151
2021-10-15,1.205,-119385.92653404549,-0.0008298755186723072
2021-10-18,1.191,-119870.9416857012,0.012594458438287104
2021-10-19,1.202,-123728.80903972115,0.0033277870216306127
2021-10-20,1.204,-125167.63629570178,-0.019933554817275767
2021-10-21,1.197,-125889.58498025406,-0.018379281537176273
2021-10-22,1.204,-123097.75409958884,-0.012458471760797285
2021-10-25,1.206,-117313.91607606655,0.007462686567164312
2021-10-26,1.206,-112339.67899418878,0.008291873963515828
2021-10-27,1.18,-108186.29125054617,0.039830508474576476
2021-10-28,1.175,-106261.40360246034,0.04851063829787239
2021-10-29,1.189,-101642.60998289491,0.051303616484440706
2021-11-01,1.215,-93922.90155111451,0.018106995884773713
2021-11-02,1.216,-85095.93732223281,0.03618421052631593
2021-11-03,1.227,-74299.07288809656,0.023634881825590703
2021-11-04,1.232,-67698.0289116028,0.025974025974025983
2021-11-05,1.25,-59106.27410889801,0.01760000000000006
2021-11-08,1.237,-50415.52692979784,0.027485852869846283
2021-11-09,1.26,-39401.01400508359,0.003968253968253954
2021-11-10,1.256,-27892.94116834592,0.018312101910827883
2021-11-11,1.264,-16205.079045893915,-0.0007911392405064444
2021-11-12,1.272,-4296.225256775273,0.003930817610062753
2021-11-15,1.271,6177.367551951145,0.022816679779701143
2021-11-16,1.265,13500.481174074637,0.02213438735177875
2021-11-17,1.279,21869.12376678642,0.008600469116497367
2021-11-18,1.263,28575.72707378381,0.01821060965954091
2021-11-19,1.277,34134.163098172634,-0.004698512137823019
2021-11-22,1.3,39491.185836847115,-0.020000000000000018
2021-11-23,1.293,43477.78396013699,-0.0030935808197989356
2021-11-24,1.29,49864.42987754446,0.0015503875968991832
2021-11-25,1.286,57304.167875697196,-0.0038880248833593756
2021-11-26,1.271,62064.79430967884,0.01652242328874909
2021-11-29,1.274,62440.78056728281,-0.0015698587127158659
2021-11-30,1.289,65057.75523068383,-0.02094647013188511
2021-12-01,1.292,64069.348893189395,0.007739938080495445
2021-12-02,1.281,60425.65978258569,0.024199843871975046
2021-12-03,1.292,54029.7203870815,0.010061919504643857
2021-12-06,1.272,45843.20379478118,0.027515723270440162
2021-12-07,1.262,33120.05692582752,0.04041204437400947
2021-12-08,1.302,24228.80687505583,0.0023041474654377225
2021-12-09,1.312,16025.409502855618,0.0007621951219511924
2021-12-10,1.305,6117.353797321848,-0.01379310344827589
2021-12-13,1.307,-1018.8949474274414,-0.030604437643458327
2021-12-14,1.313,-1191.665565040661,-0.022848438690022843
2021-12-15,1.305,-4504.720571794314,-0.005363984674329414
2021-12-16,1.313,-3593.743435690645,-0.01447067783701439
2021-12-17,1.287,-5579.231299587002,-0.0015540015540015384
2021-12-20,1.267,-12265.753163483343,0.016574585635359185
2021-12-21,1.283,-13538.531923931208,0.014809041309431059
2021-12-22,1.298,-13783.767592274176,-0.0023112480739599928
2021-12-23,1.294,-13358.823065811768,0.012364760432766575
2021-12-24,1.285,-12744.717264839564,0.02256809338521415
2021-12-27,1.288,-12414.336334192252,0.02329192546583858
2021-12-28,1.302,-12700.954606443353,-0.003072196620583667
2021-12-29,1.295,-10909.159261429566,-0.01158301158301156
2021-12-30,1.31,-4649.060874087794,-0.03511450381679393
2021-12-31,1.314,3972.7216624381836,-0.029680365296803735
2022-01-04,1.318,14869.859351070714,-0.04855842185128989
2022-01-05,1.298,26729.291014062415,-0.025423728813559476
2022-01-06,1.28,32628.106843720714,-0.016406250000000067
2022-01-07,1.264,34723.83779242658,0.0
2022-01-10,1.275,39483.24002491619,0.03764705882352937
2022-01-11,1.254,42570.84191803937,0.0677830940988835
2022-01-12,1.265,41904.39305928291,0.053754940711462584
2022-01-13,1.259,42008.53100821853,0.05083399523431309
2022-01-14,1.264,37116.72195715434,0.027689873417721556
2022-01-17,1.323,39787.6754060901,-0.01814058956916098
2022-01-18,1.339,43476.10242645448,-0.06572068707991041
2022-01-19,1.333,42613.80218729057,-0.06526631657914472
2022-01-20,1.323,38963.89326391631,-0.0982615268329553
2022-01-21,1.299,33138.89607074717,-0.08237105465742878
2022-01-24,1.299,28372.380237227306,-0.09468822170900693
2022-01-25,1.251,21943.744493062433,-0.05915267785771372
2022-01-26,1.246,13048.785415564082,-0.0377207062600321
2022-01-27,1.193,-639.916899815842,0.0025146689019277524
2022-01-28,1.192,-19013.948676475266,-0.014261744966442835
2022-02-07,1.176,-41766.77520553663,-0.0008503401360543394
2022-02-08,1.177,-63800.52378850331,0.014443500424808686
2022-02-09,1.199,-80681.05352531612,-0.007506255212677337
2022-02-10,1.196,-94937.32659546233,-0.00836120401337792
2022-02-11,1.175,-107836.22411453328,0.029787234042553123
2022-02-14,1.175,-122249.21836783842,0.05957446808510647
2022-02-15,1.194,-133741.21488358697,0.02931323283082099
2022-02-16,1.19,-148262.46973266883,0.054621848739495826
2022-02-17,1.186,-161022.3787832161,0.026981450252951067
2022-02-18,1.21,-170142.54383376325,0.009917355371900749
2022-02-21,1.245,-185339.38388431037,-0.0200803212851407
2022-02-22,1.229,-195464.6730777147,-0.005695687550854478
2022-02-23,1.255,-204703.4848210282,-0.033466135458167234
2022-02-24,1.218,-213227.12900795066,-0.019704433497536922
2022-02-25,1.222,-218807.89676350876,-0.03191489361702127
2022-02-28,1.22,-222804.10658619122,-0.06721311475409841
2022-03-01,1.222,-220175.9576481898,-0.08756137479541737
2022-03-02,1.213,-216622.51204352168,-0.08161582852431981
2022-03-03,1.194,-205606.85466228815,-0.061976549413735205
2022-03-04,1.183,-192042.57724738464,-0.04395604395604402
2022-03-07,1.138,-174462.15123676782,-0.02899824253075567
2022-03-08,1.115,-162998.96730759903,-0.053811659192825156
2022-03-09,1.114,-155952.40631960664,-0.02333931777378817
2022-03-10,1.12,-150030.1552558566,-0.009821428571428648
2022-03-11,1.131,-136163.30904425716,-0.02298850574712641
2022-03-14,1.105,-124523.66829618582,-0.0036199095022624306
2022-03-15,1.055,-120169.33532366293,0.041706161137440745
2022-03-16,1.088,-107826.04984487437,0.012867647058823595
2022-03-17,1.109,-96811.73517993864,-0.026149684400360584
2022-03-18,1.105,-90515.50703113194,-0.03800904977375574
2022-03-21,1.101,-86372.20388232527,-0.04541326067211626
2022-03-22,1.099,-85334.73062362851,-0.059144676979071886
2022-03-23,1.102,-84800.44559262965,-0.04174228675136116
2022-03-24,1.08,-84688.6283538386,-0.031481481481481555
2022-03-25,1.063,-86368.51875713666,-0.016933207902163683
2022-03-28,1.051,-90752.08993846679,-0.015223596574690745
2022-03-29,1.034,-101699.76114190124,-0.022243713733075543
2022-03-30,1.056,-110380.9500726085,-0.05492424242424243
2022-03-31,1.046,-120927.24948718665,-0.09273422562141498
2022-04-01,1.045,-130673.43838483078,-0.07942583732057418
2022-04-06,1.035,-140136.12809548306,-0.08405797101449275
2022-04-07,1.011,-145695.6350007054,-0.05044510385756673
2022-04-08,0.998,-153934.9597735749,-0.0410821643286573
2022-04-11,0.949,-159857.85713385703,0.02950474183350904
2022-04-12,0.962,-172804.3060263971,0.0
2022-04-13,0.948,-184765.94586875802,0.009493670886076
2022-04-14,0.96,-188680.86936816675,-0.02604166666666663
2022-04-15,0.957,-199391.47059439236,-0.04388714733542309
2022-04-18,0.977,-206796.35905005533,-0.12282497441146367
2022-04-19,0.962,-211876.42808884478,-0.1424116424116424
2022-04-20,0.957,-214096.36918645774,-0.0982236154649947
2022-04-21,0.935,-217053.5833609937,-0.08449197860962576
2022-04-22,0.915,-221209.39990953496,-0.022950819672131195
2022-04-25,0.857,-226242.23889887094,0.03383897316219375
2022-04-26,0.825,-231788.85789928085,0.058181818181818334
2022-04-27,0.863,-233015.75341732835,-0.010428736964078755
2022-04-28,0.856,-229854.2495600634,0.017523364485981352
2022-04-29,0.894,-225727.76324825303,-0.004474272930648726
2022-05-05,0.886,-222045.50057774695,0.0056433408577878375
2022-05-06,0.873,-218283.0290460041,0.014891179839633395
2022-05-09,0.854,-216260.07271033962,0.02693208430913341
2022-05-10,0.871,-209867.50157391612,0.019517795637198576
2022-05-11,0.89,-199353.3114600646,0.00786516853932584
2022-05-12,0.891,-188814.1081843747,0.006734006734006703
2022-05-13,0.886,-179508.9478253515,0.02257336343115135
2022-05-16,0.877,-167916.2211580848,0.04903078677309014
2022-05-17,0.888,-159248.3349101931,-0.013513513513513487
2022-05-18,0.897,-149212.7185219507,-0.01672240802675584
2022-05-19,0.897,-141292.74304279906,-0.013377926421404673
2022-05-20,0.906,-131257.2325858496,-0.02428256070640178
2022-05-23,0.92,-116870.83134458621,-0.019565217391304346
2022-05-24,0.876,-103819.01127319469,0.051369863013698724
2022-05-25,0.882,-87255.93343956536,0.04535147392290262
2022-05-26,0.885,-64980.80427894066,0.06553672316384174
2022-05-27,0.884,-39319.1091437866,0.10859728506787336
2022-05-30,0.902,-19025.533954724204,0.07538802660753885
2022-05-31,0.921,1707.300242334255,0.05863192182410426
2022-06-01,0.922,16520.120212120004,0.030368763557483636
2022-06-02,0.943,31831.556214514305,0.021208907741251393
2022-06-06,0.98,50124.369735946355,-0.025510204081632626
2022-06-07,0.97,71066.70607377781,-0.023711340206185594
2022-06-08,0.975,86798.90692773805,-0.016410256410256396
2022-06-09,0.95,99809.80305163213,0.012631578947368327
2022-06-10,0.963,113375.29697772366,-0.0031152647975077885
2022-06-13,0.955,130192.656380006,0.019895287958115127
2022-06-14,0.947,151588.17967117706,0.026399155227032844
2022-06-15,0.959,171516.45459049928,-0.01147028154327423
2022-06-16,0.962,191528.60369403218,0.012474012474012586
2022-06-17,0.96,209443.74736278245,0.017708333333333437
2022-06-20,0.974,225682.54588983222,0.013347022587268942
2022-06-21,0.972,234965.04569139183,0.034979423868312765
2022-06-22,0.948,248154.67030355756,0.053797468354430444
2022-06-23,0.974,261085.0940066324,0.03285420944558526
2022-06-24,0.977,270292.92783264525,0.02763561924257929
2022-06-27,0.987,277906.39474282204,0.012158054711246313
2022-06-28,1.006,288702.2315161545,-0.020874751491053667
2022-06-29,0.999,293281.2091590522,-0.018018018018018056
2022-06-30,1.006,301212.1588019498,-0.02385685884691846
2022-07-01,1.004,305528.30355354317,-0.02589641434262946
2022-07-04,0.999,301334.4834900736,-0.04304304304304307
2022-07-05,0.985,294791.39590892236,-0.04974619289340099
2022-07-06,0.981,289086.6510697067,-0.050968399592252744
2022-07-07,0.982,287761.7449348099,-0.04582484725050906
2022-07-08,0.978,283085.1478475322,-0.05112474437627801
2022-07-11,0.956,275380.6066499788,-0.011506276150627603
2022-07-12,0.936,258565.66400315,0.020299145299145227
2022-07-13,0.931,241908.6105480506,0.031149301825993403
2022-07-14,0.937,226556.54247306814,0.02774813233724638
2022-07-15,0.928,210129.80193431754,0.0269396551724137
2022-07-18,0.945,193451.89165872487,-0.0010582010582010914
2022-07-19,0.955,180098.5863831322,-0.006282722513089034
2022-07-20,0.96,166387.80961132736,-0.007291666666666696
2022-07-21,0.963,149063.52516906805,0.009345794392523477
2022-07-22,0.953,130810.33637323148,0.006295907660021083
2022-07-25,0.944,111313.62229728293,0.02436440677966112
2022-07-26,0.949,89226.99201254314,-0.008429926238145424
2022-07-27,0.953,73460.32672780333,0.0
2022-07-28,0.972,58134.98971229432,-0.0092592592592593
2022-07-29,0.959,44753.73811345195,0.05318039624608972
2022-08-01,0.967,35986.675103459726,0.03412616339193386
2022-08-02,0.941,27604.96318189522,0.060573857598299696
2022-08-03,0.953,19726.447312962235,0.03252885624344182
2022-08-04,0.963,8732.624301172153,0.04257528556593981
2022-08-05,1.01,3682.8626227154164,-0.02079207920792081
2022-08-08,1.0,837.5887507313455,-0.027000000000000024
2022-08-09,0.998,3194.8038884091657,-0.03707414829659317
2022-08-10,0.984,6479.701591876365,-0.014227642276422814
2022-08-11,1.004,10355.142350899201,-0.03784860557768932
2022-08-12,0.989,15622.76621680602,-0.0434782608695653
2022-08-15,0.973,18536.529666046205,-0.023638232271325776
2022-08-16,0.961,15626.201448619715,-0.01144640998959423
2022-08-17,0.97,15622.26262513263,-0.05876288659793805
2022-08-18,0.966,18040.941415281908,-0.07039337474120078
2022-08-19,0.946,19391.79802634212,-0.052854122621564414
2022-08-22,0.95,22342.865911912173,-0.06210526315789466
2022-08-23,0.95,25843.472259020724,-0.054736842105263084
2022-08-24,0.913,24221.602772795886,-0.03066812705366928
2022-08-25,0.898,19048.791748109506,-0.013363028953229383
2022-08-26,0.896,13645.335723423166,-0.005580357142857095
2022-08-29,0.891,6757.070770165417,-0.01122334455667795
2022-08-30,0.898,1455.6159078919736,-0.013363028953229383
2022-08-31,0.885,-5041.036059644684,0.006779661016949268
2022-09-01,0.886,-12495.334455752673,-0.006772009029345383
2022-09-02,0.891,-27311.42551852741,-0.008978675645342271
2022-09-05,0.881,-41937.55019955496,0.00567536889897835
2022-09-06,0.886,-57632.53188541339,-0.007900677200902928
2022-09-07,0.891,-72613.73776155527,-0.03479236812570152
2022-09-08,0.88,-91448.59641547488,-0.025000000000000022
2022-09-09,0.883,-106800.7276072733,-0.04530011325028316
2022-09-13,0.886,-118719.14629907173,-0.04740406320541768
2022-09-14,0.879,-120745.39832420347,-0.04436860068259385
2022-09-15,0.86,-133143.4106941628,-0.02674418604651163
2022-09-16,0.858,-147264.61766639486,-0.04195804195804198
2022-09-19,0.843,-158112.3882514634,-0.03677342823250285
2022-09-20,0.844,-171282.69667075644,-0.018957345971563955
2022-09-21,0.84,-180907.86561636534,-0.029761904761904767
2022-09-22,0.837,-185635.7038476885,-0.0238948626045401
2022-09-23,0.822,-186010.08630978092,-0.02311435523114347
2022-09-26,0.812,-186331.32877187335,-0.0640394088669951
2022-09-27,0.828,-184603.5129006324,-0.0785024154589371
2022-09-28,0.815,-185457.01220033166,-0.03435582822085881
2022-09-29,0.817,-184023.20544739935,-0.024479804161566587
2022-09-30,0.803,-182326.93083732418,0.018679950186799354
2022-10-10,0.76,-181112.418440015,0.09868421052631571
2022-10-11,0.763,-179728.53201162178,0.09305373525557004
2022-10-12,0.787,-177685.1623292602,0.045743329097839736
2022-10-13,0.797,-176587.74426633195,0.04391468005018817
2022-10-14,0.818,-170415.9702510227,0.014669926650366705
2022-10-17,0.835,-165177.97160951732,-0.009580838323353325
2022-10-18,0.834,-159953.9950513452,-0.0227817745803357
2022-10-19,0.823,-161152.14349317303,0.02916160388821387
2022-10-20,0.832,-153894.5248167744,0.024038461538461453
2022-10-21,0.83,-143760.4131590923,-0.004819277108433773
2022-10-24,0.827,-136098.03840617207,0.030229746070133068
2022-10-25,0.815,-127008.59092597914,0.0662576687116565
2022-10-26,0.847,-119020.79671747895,0.04486422668240864
2022-10-27,0.852,-112373.35358040733,0.030516431924882736
2022-10-28,0.826,-106893.87180697214,0.07627118644067798
2022-10-31,0.852,-97333.39377337438,0.03755868544600949
2022-11-01,0.869,-87848.93490644312,0.016110471806674243
2022-11-02,0.885,-73990.08992840082,-0.015819209039548032
2022-11-03,0.878,-61377.752728136256,-0.01252847380410027
2022-11-04,0.889,-43785.00166232546,-0.015748031496062964
2022-11-07,0.884,-19803.68780256185,-0.006787330316742057
2022-11-08,0.883,3683.3869848036557,0.035107587768969495
2022-11-09,0.871,23720.298736454948,0.039035591274397374
2022-11-10,0.867,43495.629718875396,0.07035755478662065
2022-11-11,0.875,57953.96086549957,0.040000000000000036
2022-11-14,0.878,69096.00620670099,0.034168564920273425
2022-11-15,0.914,81661.46363123573,-0.021881838074398252
2022-11-16,0.905,95751.8599446594,-0.016574585635359185
2022-11-17,0.928,111046.51416722377,-0.04956896551724144
2022-11-18,0.91,121672.0747378273,-0.04065934065934074
2022-11-21,0.908,135917.3902804196,-0.05066079295154191
2022-11-22,0.894,149727.7871064344,-0.01342281879194629
2022-11-23,0.89,157836.783959544,-0.010112359550561778
2022-11-24,0.882,164894.97366979645,0.015873015873015817
2022-11-25,0.873,170978.28610732162,0.029782359679267012
2022-11-28,0.862,171087.28983404534,0.05684454756380508
2022-11-29,0.882,169796.5006441025,0.03741496598639449
2022-11-30,0.881,163329.00173193737,0.02951191827468791
2022-12-01,0.896,157235.67623247067,0.0
2022-12-02,0.899,145128.50157334007,0.005561735261401468
2022-12-05,0.911,132248.11910745857,0.00658616904500553
2022-12-06,0.915,118508.38136685178,-0.01967213114754096
2022-12-07,0.907,107031.04215799105,-0.013230429988974612
2022-12-08,0.896,95967.4529491303,0.010044642857142794
2022-12-09,0.904,89683.57055471948,-0.0165929203539823
2022-12-12,0.917,85867.20256651647,-0.04798255179934574
2022-12-13,0.897,76348.36326878968,-0.04124860646599782
2022-12-14,0.895,68212.97119328508,-0.04804469273743017
2022-12-15,0.905,52690.803324129694,-0.05856353591160224
2022-12-16,0.889,42432.689748059965,-0.03937007874015752
2022-12-19,0.873,27785.567444368753,-0.008018327605956443
2022-12-20,0.86,13651.34061579068,0.009302325581395321
2022-12-21,0.852,3252.615653364446,0.0035211267605634866
2022-12-22,0.852,-6430.837166204627,0.008215962441314506
2022-12-23,0.854,-13559.86468274342,0.007025761124121788
2022-12-26,0.866,-17377.963558167226,0.024249422632794504
2022-12-27,0.868,-21099.75243359102,0.026497695852534475
2022-12-28,0.855,-23068.48746286097,0.06549707602339194
2022-12-29,0.859,-25888.80473419441,0.051222351571594826
2022-12-30,0.86,-26258.807346330846,0.04883720930232571
2023-01-03,0.887,-28022.341269699908,0.016910935738444266
2023-01-04,0.891,-28896.1173359261,-0.0033670033670033517
2023-01-05,0.911,-26955.98992993008,-0.023051591657519244
2023-01-06,0.903,-24784.587523934068,-0.008859357696566983
2023-01-09,0.902,-25703.30032169979,0.018847006651884657
2023-01-10,0.902,-28165.25574767065,0.03104212860310418
2023-01-11,0.888,-26898.25029478997,0.05518018018018034
2023-01-12,0.89,-25959.751786353743,0.09213483146067403
2023-01-13,0.895,-20587.092166806404,0.08715083798882683
2023-01-16,0.919,-15233.956787025134,0.06964091403699668
2023-01-17,0.93,-6661.751010824446,0.03440860215053765
2023-01-18,0.937,2743.7275406402186,0.05229455709711828
2023-01-19,0.972,16338.19299686678,0.016460905349794164
2023-01-20,0.973,29071.9213102362,0.025693730729702047
2023-01-30,0.983,34669.52629027229,0.014242115971515812
2023-01-31,0.962,36335.83479247587,0.03950103950103956
2023-02-01,0.986,42092.04537801279,0.007099391480730244
2023-02-02,0.988,45225.92952124201,0.044534412955465674
2023-02-03,0.998,52093.7630216141,0.02004008016032066
2023-02-06,0.997,57252.204275343945,0.034102306920762215
2023-02-07,1.0,62949.916459809756,0.028999999999999915
2023-02-08,0.993,63358.57909070412,0.05941591137965774
2023-02-09,1.032,65533.33061048739,0.010658914728681967
2023-02-10,1.018,64798.55157471513,-0.01964636542239684
2023-02-13,1.031,68796.24583439736,-0.0029097963142579175
2023-02-14,1.029,73091.69543595993,-0.0009718172983478324
2023-02-15,1.052,81327.75014956736,-0.018060836501901267
2023-02-16,1.043,86979.96846861695,-0.025886864813039256
2023-02-17,0.998,84174.56406039382,0.024048096192384794
2023-02-20,1.028,84377.25129908079,-0.021400778210116767
2023-02-21,1.028,81565.93962472431,-0.0009727626459145045
2023-02-22,1.033,80661.9215401114,0.0319457889641821
2023-02-23,1.016,68686.81884011393,0.049212598425196985
2023-02-24,1.022,60320.86239011645,0.03033268101761255
2023-02-27,1.006,58103.97594011906,0.045725646123260466
2023-02-28,1.027,64603.1774457867,-0.0029211295034078377
2023-03-01,1.066,74409.82165978769,-0.02814258911819889
2023-03-02,1.066,88632.19221994258,-0.026266416510319024
2023-03-03,1.053,97323.29298661914,-0.024691358024691357
2023-03-06,1.052,110253.63360372325,0.0066539923954371805
2023-03-07,1.024,113219.11326438785,0.03125
2023-03-08,1.036,135460.0991750525,0.012548262548262468
2023-03-09,1.038,148655.1267523839,0.0009633911368014392
2023-03-10,1.027,162560.1713231792,0.05063291139240511
2023-03-13,1.059,178054.62612124733,0.02360717658168099
2023-03-14,1.056,200312.4418867484,0.029356060606060552
2023-03-15,1.049,208671.63385545788,0.06959008579599635
2023-03-16,1.039,217621.85241763096,0.13185755534167476
2023-03-17,1.079,246443.82952958753,0.1195551436515292
2023-03-20,1.084,257518.57084145816,0.10424354243542444
2023-03-21,1.087,274551.60526927083,0.07083716651333938
2023-03-22,1.122,294362.72294494684,0.04723707664884125
2023-03-23,1.176,337817.40401805856,-0.014455782312925103
2023-03-24,1.208,398197.0034422338,-0.013245033112582849
2023-03-27,1.197,463664.0805874978,0.044277360066833804
2023-03-28,1.164,508516.2510705971,0.09965635738831624
2023-03-29,1.175,538609.7611370296,0.08765957446808503
2023-03-30,1.159,565336.7406677478,0.12079378774805849
2023-03-31,1.192,605430.4025495736,0.030201342281879207
2023-04-03,1.25,658113.3868672961,-0.007199999999999873
2023-04-04,1.28,733264.3014975189,-0.002343750000000089
2023-04-06,1.278,788162.7480027422,-0.039906103286384886
2023-04-07,1.299,855785.6440693683,-0.052347959969206936
2023-04-10,1.228,912678.4757727222,-0.006514657980456029
2023-04-11,1.241,960967.5174760767,-0.011281224818694646
2023-04-12,1.277,1006920.3511839588,-0.03367267032106491
2023-04-13,1.227,1059013.9966398352,0.03911980440097795
2023-04-14,1.231,1124612.058092459,-0.026807473598700393
2023-04-17,1.22,1177803.6471898335,-0.02868852459016391
2023-04-18,1.227,1255774.2369073085,-0.044009779951100225
2023-04-19,1.234,1321662.0539304493,-0.08670988654781198
2023-04-20,1.275,1384516.9993296585,-0.13098039215686264
2023-04-21,1.198,1403183.261523739,-0.045909849749582565
2023-04-24,1.185,1378435.789932359,-0.05400843881856543
2023-04-25,1.173,1345116.3826356437,-0.06393861892583119
2023-04-26,1.127,1330942.458029022,-0.0008873114463177068
2023-04-27,1.108,1315792.5157625163,0.012635379061371799
2023-04-28,1.143,1317911.3920674385,-0.03062117235345574
2023-05-04,1.121,1295543.5175652867,-0.027653880463871516
2023-05-05,1.098,1233061.120634057,-0.013661202185792476
2023-05-08,1.126,1158922.7893278287,-0.03285968028419173
2023-05-09,1.122,1084084.5058787419,-0.05080213903743325
2023-05-10,1.108,988037.4566401816,-0.03158844765342972
2023-05-11,1.09,914917.8057033294,0.011009174311926717
2023-05-12,1.083,833885.1683191084,0.02493074792243788
2023-05-15,1.089,748339.8785076602,0.010101010101010166
2023-05-16,1.065,668424.2319759913,0.019718309859155125
2023-05-17,1.073,569209.1353718592,0.0037278657968313755
2023-05-18,1.102,475199.4776853337,-0.017241379310344973
2023-05-19,1.11,364079.67901566904,0.0018018018018017834
2023-05-22,1.1,263058.5148651083,0.0018181818181817189
2023-05-23,1.086,141576.44710343657,0.05156537753222823
2023-05-24,1.077,60033.07735458389,0.07242339832869082
2023-05-25,1.083,5514.503018199466,0.08494921514312104
2023-05-26,1.112,-32425.291404112708,0.05215827338129486
2023-05-29,1.102,-75686.15327266417,0.06352087114337546
2023-05-30,1.142,-87486.41107144626,-0.007005253940455369
2023-05-31,1.155,-114623.2981559434,-0.010389610389610393
2023-06-01,1.175,-120700.11483903462,-0.0382978723404257
2023-06-02,1.17,-97865.79499730375,-0.02136752136752129
2023-06-05,1.172,-86756.13021071907,-0.013651877133105783
2023-06-06,1.134,-74085.94113842025,0.059964726631393406
2023-06-07,1.143,-41451.47901986912,0.05774278215223094
2023-06-08,1.13,-9659.394539568573,0.060176991150442616
2023-06-09,1.145,49656.33908546856,0.09170305676855883
2023-06-12,1.156,97716.71803518292,0.11851211072664358
2023-06-13,1.202,168241.79380601738,0.09733777038269542
2023-06-14,1.209,249478.6389971422,0.03473945409429269
2023-06-15,1.198,305442.6570226955,-0.014190317195325486
2023-06-16,1.25,383199.03813262936,-0.05359999999999998
2023-06-19,1.293,476761.8710779846,-0.11523588553750974
2023-06-20,1.319,610948.8725016005,-0.1273692191053828
2023-06-21,1.251,718102.0166449957,-0.07194244604316535
2023-06-26,1.181,794928.0072905868,-0.015241320914479273
2023-06-27,1.183,843060.2857764661,0.006762468300929747
2023-06-28,1.144,893938.0982997026,0.019230769230769162
2023-06-29,1.151,911194.5087880557,0.020851433536055675
2023-06-30,1.161,922454.6567764068,-0.0008613264427218548
2023-07-03,1.163,931079.2160532763,-0.010318142734307867
2023-07-04,1.191,948143.7654010653,-0.011754827875734675
2023-07-05,1.166,969208.0724037914,-0.020583190394511175
2023-07-06,1.175,1004319.2247026861,-0.01276595744680864
2023-07-07,1.16,1032069.2800318832,0.012068965517241459
2023-07-10,1.151,1046812.1133162631,0.020851433536055675
2023-07-11,1.177,1045921.4797744872,-0.016992353440951624
2023-07-12,1.142,1049978.3500322895,0.012259194395796813
2023-07-13,1.16,1019294.3224203968,-0.04137931034482745
2023-07-14,1.174,979048.4984316919,-0.061328790459965754
2023-07-17,1.175,970484.981961784,-0.05702127659574463
2023-07-18,1.157,920440.5821859557,-0.025929127052722545
2023-07-19,1.156,831980.172909244,-0.044117647058823484
2023-07-20,1.112,690970.4183426779,-0.01258992805755399
2023-07-21,1.102,580398.4256808739,0.003629764065335772
2023-07-24,1.108,520328.16903880704,0.006317689530685788
2023-07-25,1.127,483386.99007873144,-0.007985803016858806
2023-07-26,1.105,445298.55400548223,0.011764705882353121
2023-07-27,1.098,410387.4179322338,0.01730418943533696
2023-07-28,1.106,382393.1168589853,0.03526220614828213
2023-07-31,1.115,341652.5012835711,0.028699551569506765
2023-08-01,1.118,284390.6113748234,0.015205724508049911
2023-08-02,1.118,243280.1749674771,-0.0062611806797854275
2023-08-03,1.117,195074.24618208222,-0.006266786034019645
2023-08-04,1.145,160137.98611963075,-0.05240174672489084
2023-08-07,1.147,125581.94359919708,-0.047951176983434984
2023-08-08,1.135,69629.8879474476,-0.05110132158590308
2023-08-09,1.111,17637.731116734445,-0.06300630063006307
2023-08-10,1.11,-28561.075902850367,-0.05495495495495506
2023-08-11,1.085,-75724.31000577006,-0.060829493087557696
2023-08-14,1.092,-127393.2054182142,-0.06501831501831512
2023-08-15,1.077,-150428.67793766502,-0.02321262766945209
2023-08-16,1.041,-158719.01935621165,-0.02401536983669539
2023-08-17,1.049,-121255.92655575927,-0.03145853193517634
2023-08-18,1.019,-106190.84982673451,-0.04514229636898914
2023-08-21,1.021,-123037.81713180151,-0.038197845249755114
2023-08-22,1.052,-143204.01911119744,-0.03231939163498099
2023-08-23,1.016,-167643.55225012358,0.025590551181102317
2023-08-24,1.016,-187981.06931762118,0.023622047244094446
2023-08-25,0.973,-223986.8083588034,0.058581706063720596
2023-08-28,0.982,-266840.78189905826,0.05804480651731159
2023-08-29,1.018,-300013.7585842414,0.006876227897838705
2023-08-30,1.042,-339400.9965789458,-0.014395393474088358
2023-08-31,1.04,-383938.9041934507,-0.03846153846153855
2023-09-01,1.03,-459358.544828007,-0.03300970873786413
2023-09-04,1.039,-519540.2736978559,-0.02213666987487961
2023-09-05,1.025,-553740.9955634521,-0.01073170731707307
2023-09-06,1.027,-566701.7936776467,-0.03505355404089572
2023-09-07,1.0,-589455.5156929409,-0.020000000000000018
2023-09-08,0.996,-598013.8318749014,-0.026104417670682722
2023-09-11,1.016,-618744.0582241723,-0.047244094488189003
2023-09-12,1.014,-644075.5587076424,-0.059171597633136175
2023-09-13,0.991,-658675.7243426265,-0.043390514631685195
2023-09-14,0.98,-696253.3708011992,-0.03367346938775517
2023-09-15,0.97,-722013.7086131535,0.023711340206185483
2023-09-18,0.968,-733680.0052319262,0.006198347107438051
2023-09-19,0.954,-765657.8185173664,0.037735849056603765
2023-09-20,0.948,-787888.3301269813,0.04113924050632911
2023-09-21,0.947,-801280.8426294541,0.05068637803590281
2023-09-22,0.993,-780583.2603022037,0.0050352467270895485
2023-09-25,0.974,-740814.5082625253,0.02361396303901442
2023-09-26,0.99,-716910.0835996578,0.02323232323232305
2023-09-27,0.987,-704843.4398891712,0.020263424518743633
2023-09-28,0.995,-684942.529945652,-0.004020100502512558
2023-10-09,0.998,-641631.9630096522,-0.02605210420841686
2023-10-10,0.997,-617522.7960736519,-0.02407221664994985
2023-10-11,1.013,-590247.9939037357,-0.06021717670286275
2023-10-12,1.007,-590534.3808403192,-0.055610724925521327
2023-10-13,0.991,-569167.1995229367,-0.07164480322906153
2023-10-16,0.972,-559991.0736222202,-0.0668724279835391
2023-10-17,0.973,-544091.6035773605,-0.07194244604316546
2023-10-18,0.952,-524575.6703493278,-0.040966386554621814
2023-10-19,0.951,-510201.3939546314,-0.039957939011566745
2023-10-20,0.92,-494378.39480164833,0.003260869565217428
2023-10-23,0.907,-482289.9108483023,0.037486218302094754
2023-10-24,0.903,-476888.5112823099,0.032115171650055396
2023-10-25,0.913,-454528.6623699106,0.017524644030668224
2023-10-26,0.913,-426469.28631465463,0.009857612267250904
2023-10-27,0.923,-395919.89418797055,0.021668472372697645
2023-10-30,0.941,-390309.0359919849,0.032943676939426236
2023-10-31,0.932,-386145.5155562535,0.05901287553648071
2023-11-01,0.929,-377348.84193211654,0.07212055974165765
2023-11-02,0.922,-365207.8007659628,0.0780911062906724
2023-11-03,0.943,-355048.7167984927,0.044538706256627814
2023-11-06,0.972,-341340.5940415496,0.03292181069958855
2023-11-07,0.987,-313371.72128460463,0.023302938196555267
2023-11-08,0.996,-293710.77308906615,0.016064257028112428
2023-11-09,0.994,-262837.7994758142,0.003018108651911433
2023-11-10,0.985,-239345.8373704995,0.023350253807106647
2023-11-13,1.004,-204081.97432315582,0.005976095617529875
2023-11-14,1.01,-169454.1238240744,-0.012871287128712883
2023-11-15,1.012,-140973.74976348504,-0.03063241106719372
2023-11-16,0.997,-116610.97870289627,-0.004012036108325012
2023-11-17,1.008,-67899.34805583954,-0.039682539682539764
2023-11-20,1.01,-14925.98220401816,-0.03861386138613865
2023-11-21,0.997,35947.09787705261,-0.029087261785356144
2023-11-22,0.981,81373.6764875357,-0.01936799184505611
2023-11-23,0.993,117132.23759801872,-0.03423967774420955
2023-11-24,0.968,131630.46954183513,0.019628099173553792
2023-11-27,0.971,147774.28941928456,0.016477857878475888
2023-11-28,0.968,167616.4798775441,-0.01446280991735538
2023-11-29,0.962,193479.96366913524,-0.007276507276507305
2023-11-30,0.959,231120.15331076086,0.005213764337852034
2023-12-01,0.987,269802.18855261896,0.007092198581560183
2023-12-04,0.987,277265.47279447503,0.029381965552178313
2023-12-05,0.954,261482.424893477,0.057651991614255715
2023-12-06,0.955,242067.35003169393,0.04293193717277499
2023-12-07,0.964,225326.52195353433,0.02904564315352709
2023-12-08,0.994,219988.5217932104,-0.015090543259557387
2023-12-11,1.016,217953.56197104882,-0.04822834645669294
2023-12-12,1.009,211635.89143460384,-0.03468780971258667
2023-12-13,0.996,203215.09114121273,-0.053212851405622486
2023-12-14,0.992,198594.00984782353,-0.03427419354838712
2023-12-15,0.979,159276.03569728974,-0.04392236976506636
2023-12-18,0.967,106677.1382841221,-0.026887280248190315
2023-12-19,0.974,68473.40468934597,-0.05544147843942504
2023-12-20,0.943,29770.523218750954,-0.020148462354188656
2023-12-21,0.958,-16981.628596670926,-0.011482254697286032
2023-12-22,0.936,-51294.61727106711,0.02350427350427342
2023-12-25,0.941,-80265.60947110271,-0.002125398512221044
2023-12-26,0.92,-123094.46833780687,-0.006521739130434745
2023-12-27,0.924,-162260.0855378448,-0.023809523809523836
2023-12-28,0.947,-202141.48335863883,-0.06652587117212239
2023-12-29,0.958,-248939.549171858,-0.10125260960334026
2024-01-02,0.939,-270374.94016689574,-0.08626198083067094
2024-01-03,0.914,-273417.90739346156,-0.07768052516411383
2024-01-04,0.902,-275449.58638472995,-0.04101995565410199
2024-01-05,0.884,-290516.07432336966,-0.03846153846153855
2024-01-08,0.861,-333944.09649657225,-0.020905923344947785
2024-01-09,0.858,-402675.31782436324,-0.02447552447552448
2024-01-10,0.843,-470793.13947683014,-0.023724792408066464
2024-01-11,0.865,-510251.0284722918,-0.020809248554913284
2024-01-12,0.85,-547575.9868427538,-0.015294117647058791
2024-01-15,0.843,-566858.7637846451,-0.03914590747330948
2024-01-16,0.837,-565987.3779643876,-0.004778972520907976
2024-01-17,0.823,-591482.1885556127,0.013365735115431265
2024-01-18,0.847,-587641.0547023932,0.011806375442739103
2024-01-19,0.837,-590477.0934928525,0.0035842293906809264
2024-01-22,0.81,-591376.8886789992,0.0
2024-01-23,0.833,-585999.2333749495,-0.048019207683073106
2024-01-24,0.834,-559020.1141820117,-0.08633093525179847
2024-01-25,0.857,-516798.1533224066,-0.09451575262543754
2024-01-26,0.84,-500440.7796537359,-0.11071428571428565
2024-01-29,0.81,-498978.02340930793,-0.09629629629629632
2024-01-30,0.793,-505880.6736583859,-0.010088272383354413
2024-01-31,0.762,-521387.32582228957,0.05905511811023634
2024-02-01,0.776,-529803.8735744287,0.06829896907216493
2024-02-02,0.747,-528463.4013265679,0.18741633199464536
2024-02-05,0.732,-501231.75161416363,0.1912568306010929
2024-02-06,0.785,-441648.2891327655,0.10445859872611463
2024-02-07,0.807,-366997.655287731,0.10904584882280055
2024-02-08,0.829,-327069.58203448355,0.08082026537997589
2024-02-19,0.887,-232899.80447568092,0.018038331454340417
2024-02-20,0.872,-137688.59691687813,0.09403669724770647
2024-02-21,0.867,-65364.531122781336,0.049596309111880066
2024-02-22,0.895,45777.201058875304,0.058100558659217816
2024-02-23,0.896,111577.06046275422,0.1071428571428572
2024-02-26,0.903,204213.2140456154,0.10631229235880402
2024-02-27,0.954,341926.34893328184,0.04507337526205446
2024-02-28,0.91,412732.1380488905,0.08571428571428563
2024-02-29,0.947,494130.57098536054,0.014783526927138357
2024-03-01,0.992,581593.8130127396,-0.012096774193548376
2024-03-04,0.999,706753.3560627513,-0.011011011011010985
2024-03-05,0.997,854686.3085445822,-0.010030090270812475
2024-03-06,0.988,1039765.7255588798,0.0030364372469635637
2024-03-07,0.961,1208611.6054981085,0.019771071800208206
2024-03-08,0.98,1404238.005503749,0.012244897959183598
2024-03-11,0.988,1641365.880509391,0.028340080971659853
2024-03-12,0.987,1870104.900969577,0.01722391084093222
2024-03-13,0.991,2046545.7505383557,0.019172552976791213
2024-03-14,0.98,2213032.0437434977,0.026530612244898055
2024-03-15,0.992,2418255.817473029,0.0040322580645162365
2024-03-18,1.016,2560721.0957164485,-0.04133858267716539
2024-03-19,1.004,2676488.095626535,-0.05079681274900405
2024-03-20,1.01,2830724.913477797,-0.09108910891089106
2024-03-21,1.006,2918706.7555714846,-0.05367793240556662
2024-03-22,0.996,3035694.646119278,-0.051204819277108515
2024-03-25,0.974,3099557.7390710646,-0.008213552361396315
2024-03-26,0.953,3053360.5946984813,-0.005246589716684125
2024-03-27,0.918,3078714.0589708555,0.007625272331154731
2024-03-28,0.952,3065262.218303526,-0.034663865546218364
2024-03-29,0.945,2996127.619236988,-0.02857142857142847
2024-04-01,0.966,2923983.835860571,-0.07246376811594202
2024-04-02,0.948,2844773.630800657,-0.043248945147679296
2024-04-03,0.925,2697238.817331872,-0.011891891891891881
2024-04-08,0.919,2602454.6309770476,-0.0010881392818280489
2024-04-09,0.918,2458260.705959984,-0.02941176470588236
2024-04-10,0.896,2218568.653873956,0.03459821428571441
2024-04-11,0.907,1977621.0308972355,0.015435501653803696
2024-04-12,0.914,1772399.379421711,-0.020787746170678356
2024-04-15,0.918,1560143.0058887713,-0.03594771241830064
2024-04-16,0.891,1269561.6274147164,-0.010101010101010055
2024-04-17,0.927,969188.4044962134,-0.012944983818770184
2024-04-18,0.921,716588.4272443783,-0.016286644951140072
2024-04-19,0.895,400556.0033606645,0.052513966480446816
2024-04-22,0.885,172628.4188263286,0.09943502824858763
2024-04-23,0.882,-70169.21650511213,0.0975056689342404
2024-04-24,0.915,-211177.09688263386,0.06557377049180313
2024-04-25,0.906,-265623.18248154223,0.061810154525386185
2024-04-26,0.942,-269234.12673066,0.0010615711252655036
2024-04-29,0.973,-259681.3453407362,-0.019527235354573458
2024-04-30,0.968,-240945.48100406863,-0.025826446280991733
2024-05-06,0.975,-274194.57772503793,-0.039999999999999925
2024-05-07,0.962,-308492.63640367985,-0.029106029106028997
2024-05-08,0.943,-305812.2347407788,-0.020148462354188656
2024-05-09,0.954,-305008.5194065049,-0.026205450733752578
2024-05-10,0.943,-304845.032535227,-0.005302226935312793
2024-05-13,0.936,-240742.34965102002,0.017094017094017033
2024-05-14,0.934,-184694.47309697978,0.011777301927194728
2024-05-15,0.924,-126039.11913065612,0.025974025974025983
2024-05-16,0.929,-79612.29150405154,0.0
2024-05-17,0.938,63069.109624858946,-0.03304904051172697
2024-05-20,0.952,217159.66700377315,-0.03571428571428559
2024-05-21,0.945,331810.90304935165,-0.0444444444444444
2024-05-22,0.948,509417.45441750996,-0.04746835443037967
2024-05-23,0.929,598952.0534192063,-0.026910656620021567
2024-05-24,0.907,678743.0060337391,0.0011025358324145973
2024-05-27,0.918,690176.9150998853,0.005446623093681824
2024-05-28,0.903,667340.34741164,0.02657807308970095
2024-05-29,0.903,548089.4933928698,0.021040974529346723
2024-05-30,0.904,415032.6531433705,0.015486725663716783
2024-05-31,0.908,305648.87194548175,-0.0011013215859030367
2024-06-03,0.923,256998.31366625614,-0.00325027085590468
2024-06-04,0.927,237605.59374681488,-0.003236245954692518
2024-06-05,0.922,215549.68679946288,0.009761388286334105
2024-06-06,0.918,129427.34643106163,0.035947712418300526
2024-06-07,0.907,58512.01821099222,0.04961411245865488
2024-06-11,0.92,-4571.41582803987,0.05108695652173911
2024-06-12,0.924,-53933.84162952565,0.03896103896103886
2024-06-13,0.931,-82084.8320143465,0.011815252416756072
2024-06-14,0.951,-62399.78146537952,-0.003154574132492094
2024-06-17,0.952,-115593.6273449827,-0.03256302521008392
2024-06-18,0.967,-181000.5049553588,-0.07238883143743535
2024-06-19,0.96,-228068.09231573157,-0.028124999999999956
2024-06-20,0.942,-333835.6148373969,-0.02972399150743088
2024-06-21,0.948,-356248.07946213894,-0.034810126582278444
2024-06-24,0.921,-355964.2389062587,-0.0032573289902280145
2024-06-25,0.897,-384005.7776607219,0.01449275362318847
2024-06-26,0.933,-362771.59697074257,-0.033226152197213366
2024-06-27,0.914,-313584.46105200425,-0.024070021881838044
2024-06-28,0.915,-264574.9879987631,-0.022950819672131195
2024-07-01,0.918,-203355.45679016784,-0.03812636165577343
2024-07-02,0.91,-182997.13373947144,0.001098901098901095
2024-07-03,0.902,-203296.19899104908,0.015521064301552201
2024-07-04,0.892,-215162.18686167523,0.03587443946188351
2024-07-05,0.894,-163830.1697323043,0.027964205816554788
2024-07-08,0.883,-110297.09895842709,0.033975084937712285
2024-07-09,0.911,-71352.51773812436,0.02524698133918779
2024-07-10,0.916,-31316.98758619465,0.0065502183406114245
2024-07-11,0.924,-19973.611820233986,-0.007575757575757569
2024-07-12,0.919,-53095.31976394728,0.007616974972796564
2024-07-15,0.913,-53851.82193843275,0.019715224534501585
2024-07-16,0.934,-26890.431125516072,-0.03854389721627416
2024-07-17,0.922,-4900.397812599316,-0.037960954446854656
2024-07-18,0.917,84451.57896185666,-0.04580152671755733
2024-07-19,0.926,125433.32577489316,-0.04859611231101513
2024-07-22,0.931,175363.49265958183,-0.0569280343716434
2024-07-23,0.898,254056.30763864703,-0.025612472160356337
2024-07-24,0.887,263596.07063358463,0.02029312288613294
2024-07-25,0.875,285678.62140629813,0.028571428571428692
2024-07-26,0.881,336952.0835276954,-0.010215664018161208
2024-07-29,0.878,357152.89193806984,-0.05239179954441919
2024-07-30,0.875,404526.26692739315,-0.0377142857142857
2024-07-31,0.905,488950.91707339324,-0.07955801104972382
2024-08-01,0.9,571329.3621442039,-0.08000000000000007
2024-08-02,0.872,596336.824215021,-0.050458715596330306
2024-08-05,0.832,606678.1076988783,-0.01081730769230771
2024-08-06,0.842,594027.0535135586,-0.014251781472684133
2024-08-07,0.833,563064.0103538856,-0.009603841536614643
2024-08-08,0.828,534012.1812691689,0.0036231884057971175
2024-08-09,0.828,505969.3869239092,0.007246376811594235
2024-08-12,0.823,470013.8514947314,0.015795868772782606
2024-08-13,0.83,414778.27073760517,-0.0072289156626506035
2024-08-14,0.825,368100.72123047896,0.0
2024-08-15,0.831,265246.496466944,-0.026474127557159943
2024-08-16,0.834,157245.43504839577,-0.02637889688249384
2024-08-19,0.836,31989.315087530762,-0.03468899521531088
2024-08-20,0.824,-77443.14997315407,-0.0376213592233009
2024-08-21,0.825,-144834.55939891748,-0.038787878787878705
2024-08-22,0.809,-225310.1610469073,-0.018541409147095234
2024-08-23,0.812,-322786.9432869982,0.006157635467980205
2024-08-26,0.807,-401835.49960953,-0.024783147459727428
2024-08-27,0.793,-504231.5717215333,0.006305170239596425
2024-08-28,0.793,-644315.5073353034,0.0
2024-08-29,0.794,-776558.0951363556,0.0037783375314861534
2024-08-30,0.817,-851835.3469374087,-0.04283965728274164
2024-09-02,0.787,-900214.4046759624,-0.01143583227445999
2024-09-03,0.798,-924912.9177904557,-0.007518796992481258
2024-09-04,0.793,-927671.1514177714,0.0012610340479193294
2024-09-05,0.797,-931971.572259333,-0.006273525721455453
2024-09-06,0.782,-928593.2988701258,0.01662404092071612
2024-09-09,0.778,-919195.8333480544,0.016709511568123503
2024-09-10,0.792,-902734.7316130549,0.0063131313131312705
2024-09-11,0.794,-885647.5798780527,0.0037783375314861534
2024-09-12,0.792,-856735.7535704076,0.008838383838383868
2024-09-13,0.795,-813658.2298268583,0.046540880503144644
2024-09-18,0.791,-766994.1830313634,0.05689001264222493
2024-09-19,0.797,-720721.0830779755,0.09284818067754075
2024-09-20,0.797,-683106.5495531587,0.163111668757842
2024-09-23,0.799,-632816.6004727846,0.2765957446808509
2024-09-24,0.832,-566376.9045174122,0.3485576923076925
2024-09-25,0.836,-517807.1947568441,0.3648325358851676
2024-09-26,0.871,-426129.80624627974,0.2652123995407578
2024-09-27,0.927,-298409.9835935235,0.12405609492988123
2024-09-30,1.02,-147234.2699120622,0.061764705882352944
2024-10-08,1.122,-9537.299230599776,-0.057040998217468886
2024-10-09,1.141,114247.58366025425,-0.09640666082383886
2024-10-10,1.102,203191.3001273591,-0.0490018148820327
2024-10-11,1.042,258652.2485343553,0.08349328214971208
2024-10-14,1.083,352358.544704698,0.06094182825484773
2024-10-15,1.058,434399.5442226194,0.07466918714555759
2024-10-16,1.031,503432.57344273664,0.0882638215324929
2024-10-17,1.048,553762.4346558563,0.06106870229007644
2024-10-18,1.129,619594.3672975525,-0.006200177147918429
2024-10-21,1.149,681393.5208988432,-0.024369016536118338
2024-10-22,1.137,746049.3454108313,-0.020228671943711474
2024-10-23,1.122,795313.9748678729,-0.010695187165775444
2024-10-24,1.112,827281.9235939272,0.008992805755395628
2024-10-25,1.122,859678.3540941719,-0.03832442067736197
2024-10-28,1.121,898759.6207055263,-0.014272970561998277
2024-10-29,1.114,890228.8950091898,0.03411131059245953
2024-10-30,1.11,917794.8920271378,0.03693693693693678
2024-10-31,1.122,905149.7665450871,0.05258467023172897
2024-11-01,1.079,826488.2405473646,0.1000926784059315
2024-11-04,1.105,692543.9354052544,0.13122171945701355
2024-11-05,1.152,549280.9417385571,0.06510416666666674
2024-11-06,1.151,410946.02205380425,0.09470026064291925
2024-11-07,1.181,351185.4161639232,0.02201524132091448
2024-11-08,1.187,310999.1987586003,-0.016006739679865323
2024-11-11,1.25,237734.43553520925,-0.10160000000000002
2024-11-12,1.227,201884.57371147163,-0.06356968215158931
2024-11-13,1.26,213280.3865742553,-0.07380952380952377
2024-11-14,1.207,235005.22910736874,-0.028997514498757315
2024-11-15,1.168,183528.13795000315,-0.025684931506849362
2024-11-18,1.123,140655.17423964664,0.0008904719501336977
2024-11-19,1.149,119713.31897184253,-0.035683202785030343
2024-11-20,1.167,135126.29206277616,-0.01799485861182526
2024-11-21,1.172,165759.70017286763,-0.030716723549488067
2024-11-22,1.138,170098.03052404523,0.02284710017574687
2024-11-25,1.124,154319.4469863344,0.04804270462633431
2024-11-26,1.108,173142.44250844978,0.04602888086642598
2024-11-27,1.146,190421.3498877082,-0.003490401396160525
2024-11-28,1.136,191857.38268363476,0.022887323943661997
2024-11-29,1.164,274044.18453663774,0.00859106529209619
2024-12-02,1.178,369338.56670638174,-0.01358234295415961
2024-12-03,1.159,426490.40523565374,0.012079378774805916
2024-12-04,1.142,481436.6811371334,0.035026269702276736
2024-12-05,1.162,473693.3488078434,0.023235800344234114
2024-12-06,1.174,506564.3807865381,-0.0034071550255536653
2024-12-09,1.162,495819.0591384731,-0.0017211703958691649
2024-12-10,1.173,447098.8742905855,-0.019607843137255054
2024-12-11,1.182,357588.7782357987,-0.010152284263959421
2024-12-12,1.189,317349.3553403504,0.015138772077375906
2024-12-13,1.17,333242.5022068098,0.0410256410256411
2024-12-16,1.16,367724.2674115859,0.03103448275862064
2024-12-17,1.15,335443.5472299196,0.045217391304347876
2024-12-18,1.17,286689.01341067255,0.023931623931623847
2024-12-19,1.207,253392.11121977866,0.02154101077050541
2024-12-20,1.218,270281.27159255184,-0.0016420361247947435
2024-12-23,1.196,271302.9388029333,0.00919732441471588
2024-12-24,1.202,302181.7548167277,-0.03410981697171378
2024-12-25,1.198,290541.32995751314,-0.06928213689482465
2024-12-26,1.233,342691.78495644964,-0.12246553122465531
2024-12-27,1.216,327857.10879586264,-0.11184210526315785
2024-12-30,1.207,300748.0017076731,-0.07622203811101913
2024-12-31,1.161,280795.0014742017,-0.04306632213608963
2025-01-02,1.115,258764.92671618424,-0.0035874439461883734
2025-01-03,1.082,212575.00447099097,0.003696857670979714
2025-01-06,1.08,114384.30587277748,0.0009259259259257746
2025-01-07,1.115,87948.04640528187,0.009865470852017832
2025-01-08,1.111,118151.5436502602,0.004500450045004545
2025-01-09,1.111,125631.95160952583,0.0018001800180018623
2025-01-10,1.086,62877.854687837884,0.027624309392265234
2025-01-13,1.081,19967.21512122266,0.04532839962997226
2025-01-14,1.126,-1489.782856978476,0.02397868561278882
2025-01-15,1.116,20679.20804114826,0.04838709677419328
2025-01-16,1.113,9357.893977049738,0.035938903863432126
2025-01-17,1.116,-51043.62284566648,0.05286738351254483
2025-01-20,1.13,-140443.21861575358,0.017699115044247815
2025-01-21,1.153,-168564.46218803525,0.026886383347788367
2025-01-22,1.17,-222303.99054664187,0.0410256410256411
2025-01-23,1.153,-285958.5771093834,0.08673026886383339
2025-01-24,1.175,-386406.3783884365,0.0919148936170211
2025-01-27,1.15,-468424.59806962684,0.10521739130434793
2025-02-05,1.184,-519204.90223799273,0.09797297297297303
2025-02-06,1.218,-466866.56009601615,0.0410509031198687
2025-02-07,1.253,-380804.38698998094,0.03591380686352763
2025-02-10,1.283,-184600.07990957797,0.03507404520654722
2025-02-11,1.271,4790.999981878325,0.01652242328874909
2025-02-12,1.3,187974.46957397647,0.02076923076923065
2025-02-13,1.268,276927.527784314,0.04258675078864349
2025-02-14,1.298,432263.6109946519,0.07781201848998465
2025-02-17,1.328,648780.7870383244,0.05045180722891551
2025-02-18,1.292,793947.8199660555,0.0657894736842104
2025-02-19,1.327,914244.6730326731,0.047475508666164234
2025-02-20,1.322,1054003.6879771203,0.029500756429651886
2025-02-21,1.399,1286273.131645495,-0.08291636883488218
2025-02-24,1.395,1539611.650313871,-0.08745519713261651
2025-02-25,1.377,1794955.8941284474,-0.05882352941176472
2025-02-26,1.39,2033969.760004297,-0.056834532374100744
2025-02-27,1.361,2235047.9083247334,0.0007347538574578039
2025-02-28,1.283,2450081.620672483,0.046765393608729555
2025-03-03,1.273,2625997.498711724,0.046347211311861924
2025-03-04,1.296,2885830.460557785,0.022376543209876587
2025-03-05,1.311,3149470.037403846,0.012204424103737566
2025-03-06,1.362,3331400.9781336263,-0.05066079295154202
2025-03-07,1.343,3439745.6224164832,-0.02084884586746094
2025-03-10,1.332,3438432.1758485287,-0.016516516516516533
2025-03-11,1.325,3516551.9994669054,-0.0007547169811319421
2025-03-12,1.327,3493836.5188712906,-0.019593067068575776
2025-03-13,1.293,3542923.03334363,-0.008507347254446906
2025-03-14,1.315,3548206.1294662077,-0.05399239543726231
2025-03-17,1.31,3503953.86742213,-0.046564885496183206
2025-03-18,1.324,3553422.6080096215,-0.0762839879154078
2025-03-19,1.301,3532710.6090137847,-0.062259800153727896
2025-03-20,1.282,3440446.3204251844,-0.046801872074883066
2025-03-21,1.244,3191959.215044629,-0.022508038585209
2025-03-24,1.249,2968124.9182124585,-0.02481985588470792
2025-03-25,1.223,2725686.5915823057,-0.011447260834014705
2025-03-26,1.22,2404232.111488953,-0.006557377049180357
2025-03-27,1.222,2119126.8191987276,-0.025368248772503987
2025-03-28,1.216,1892289.1029107235,-0.11842105263157887
2025-03-31,1.218,1743519.640070986,-0.14449917898193754
2025-04-01,1.209,1469880.7056403458,-0.10752688172043023
2025-04-02,1.212,1155116.2020920515,-0.09075907590759069
2025-04-03,1.191,795805.6687763222,-0.056255247691015864
2025-04-07,1.072,461443.0623419471,0.056902985074626766
2025-04-08,1.042,146557.816379942,0.07773512476007682
2025-04-09,1.079,-211509.93859585002,0.033364226135310426
2025-04-10,1.102,-493838.45264686644,0.016333938294010864
2025-04-11,1.124,-752608.4640609212,-0.001779359430605032
2025-04-14,1.133,-1051048.6740239188,0.008826125330979817
2025-04-15,1.123,-1324165.1319869217,0.00534283170080152
2025-04-16,1.115,-1653453.1350556556,0.02331838565022415
2025-04-17,1.12,-1904008.4848505855,0.0008928571428570287
2025-04-18,1.122,-2066330.280624533,0.00802139037433136
2025-04-21,1.143,-2088271.117443556,-0.012248468941382318
2025-04-22,1.129,-2161513.2713593505,0.005314437555358653
2025-04-23,1.141,-2192817.533223048,0.02015775635407535
2025-04-24,1.121,-2170426.856666835,0.0651204281891169
2025-04-25,1.131,-2145326.461127566,0.04951370468611849
2025-04-28,1.129,-2152553.054635916,0.062001771479185175
2025-04-29,1.135,-2215441.587277664,0.04052863436123344
2025-04-30,1.164,-2179752.819919409,0.02577319587628879
2025-05-06,1.194,-2087505.0809925273,-0.0041876046901171415
2025-05-07,1.187,-1947251.2171819229,0.008424599831508006
2025-05-08,1.199,-1729639.5196570382,-0.026688907422852348
2025-05-09,1.181,-1494665.9875574075,-0.010160880609652811
2025-05-12,1.194,-1305259.1288333703,-0.022613065326633097
2025-05-13,1.189,-1099553.1528733075,-0.012615643397813403
2025-05-14,1.197,-946766.2239392139,-0.023391812865497075
2025-05-15,1.167,-765913.6230423078,0.0
2025-05-16,1.169,-588842.4721453991,-0.017964071856287567
2025-05-19,1.167,-395705.13955287635,-0.012853470437018122
2025-05-20,1.174,-216017.79622855783,-0.03321976149914818
2025-05-21,1.169,-79543.34171542712,-0.029084687767322537
2025-05-22,1.167,-10183.472495565191,-0.006855184233076295
2025-05-23,1.148,82517.41657703184,-0.0060975609756096505
2025-05-26,1.152,157845.41982826032,-0.00868055555555558
2025-05-27,1.135,241483.23205580376,0.01938325991189438
2025-05-28,1.135,318975.198727794,0.04493392070484581
2025-05-29,1.159,417760.4420664497,0.025021570319240682
2025-05-30,1.141,514105.1730639059,0.04645048203330404
2025-06-03,1.142,537952.4415613636,0.02977232924693518
2025-06-04,1.157,520320.7468235288,0.016421780466724156
2025-06-05,1.186,573132.8679947797,-0.009274873524451888
2025-06-06,1.188,570425.2094041295,-0.023569023569023573
2025-06-09,1.194,583168.9183204789,-0.019262981574539317
2025-06-10,1.176,594832.8588554561,-0.009353741496598511
2025-06-11,1.176,600732.7560570985,0.0
2025-06-12,1.175,611390.9795825277,-0.002553191489361839
2025-06-13,1.16,652233.0113108829,-0.0017241379310344307
2025-06-16,1.171,694607.8066755943,-0.012809564474807966
2025-06-17,1.165,716642.0315559134,0.012875536480686511
2025-06-18,1.176,737105.4022345506,0.023809523809523725
2025-06-19,1.172,745675.234626472,0.028156996587030747
2025-06-20,1.158,761386.0889429972,0.04663212435233155
2025-06-23,1.156,814272.4806508236,0.06660899653979246
2025-06-24,1.18,874134.954398131,0.03644067796610173
2025-06-25,1.204,983911.7929850072,-0.004152823920265725
2025-06-26,1.205,1074123.5111040454,0.0024896265560165887
2025-06-27,1.212,1127708.0361196399,-0.0066006600660065695
2025-06-30,1.233,1236336.3769247085,-0.03406326034063267
2025-07-01,1.223,1372506.7677297704,-0.004905968928863413
2025-07-02,1.199,1487033.3817701302,0.00917431192660545
2025-07-03,1.208,1484270.1589923091,-0.0016556291390728006
2025-07-04,1.204,1446570.8274843283,0.013289036544850585
2025-07-07,1.191,1384290.2461864315,0.02434928631402178
2025-07-08,1.217,1394858.6296847723,0.041084634346754134
2025-07-09,1.21,1401219.469355274,0.05123966942148761
2025-07-10,1.206,1420209.0379104912,0.0754560530679933
2025-07-11,1.22,1449923.2891159616,0.06721311475409841
2025-07-14,1.22,1468113.4005487114,0.06721311475409841
2025-07-15,1.267,1548237.2735377774,0.022099447513812098
2025-07-16,1.272,1522754.2559937648,0.01729559748427678
2025-07-17,1.297,1562175.1487862878,0.005397070161912154
2025-07-18,1.302,1602272.6328486577,0.023809523809523725
2025-07-21,1.302,1611452.668215368,0.02457757296466978
2025-07-22,1.295,1580872.6217963696,0.056370656370656524
2025-07-23,1.294,1455414.3853618912,0.04559505409582676
2025-07-24,1.304,1388318.7981964163,0.042944785276073594
2025-07-25,1.333,1367032.732582666,0.006751687921980665
2025-07-28,1.334,1285209.5117057562,0.014992503748125996
2025-07-29,1.368,1245609.5536493622,-0.007309941520467822
2025-07-30,1.353,1250716.4564753175,0.01182557280118246
2025-07-31,1.36,1267605.3583184779,0.0022058823529411686
2025-08-01,1.342,1318870.5246060751,-0.0014903129657227732
2025-08-04,1.354,1400393.1654735059,0.006646971935007295
2025-08-05,1.358,1432510.9382556416,0.036082474226803996
2025-08-06,1.369,1484609.194050599,0.0635500365230095
2025-08-07,1.363,1525902.3713151775,0.06456346294937654
2025-08-08,1.34,1498825.3379481733,0.09402985074626846
2025-08-11,1.363,1499902.658602152,0.1159207630227439
2025-08-12,1.407,1446264.5001910888,0.08528784648187626
2025-08-13,1.456,1628403.5754605755,0.07898351648351642
2025-08-14,1.451,1686037.861146737,0.07718814610613367
2025-08-15,1.466,1814867.5479241647,0.14188267394270127
2025-08-18,1.521,1974280.660597112,0.14990138067061154
2025-08-19,1.527,2159067.8188057765,0.13555992141453843
2025-08-20,1.571,2426025.931126274,0.12094207511139388
2025-08-21,1.563,2611838.944813568,0.2085732565579015
2025-08-22,1.674,2770331.2025338486,0.10692951015531671
2025-08-25,1.749,2995425.7933527194,0.08690680388793592
2025-08-26,1.734,3168464.1716884524,0.053056516724336866
2025-08-27,1.761,3226586.808101114,0.03123225440090871
2025-08-28,1.889,3461964.8406263217,-0.11540497617787182
2025-08-29,1.853,3691355.9039672837,-0.05342687533729085
2025-09-01,1.901,3934848.8234563656,-0.09153077327722248
2025-09-02,1.826,4123570.780346129,-0.07283680175246443
2025-09-03,1.816,4265454.591979485,-0.041299559471365654
2025-09-04,1.671,4342205.333981864,0.1131059245960504
2025-09-05,1.754,4556136.392601062,0.06385404789053606
2025-09-08,1.727,4747111.032951031,0.07180081065431376
2025-09-09,1.693,4892657.339727454,0.10809214412285884
2025-09-10,1.741,4864727.366700649,0.0809879379666858
2025-09-11,1.86,5034218.965198688,0.015591397849462396
2025-09-12,1.866,5116002.44501017,0.001607717041800516
2025-09-15,1.851,5131894.28861884,0.03133441383036195
2025-09-16,1.876,5181097.688179884,0.014392324093816633
2025-09-17,1.882,5163886.935773466,0.02922422954303938
2025-09-18,1.889,5203924.005808897,0.05558496559025938
2025-09-19,1.869,5161496.348314766,0.0321027287319422
2025-09-22,1.909,5061370.808407228,0.022001047668936735
2025-09-23,1.903,4944352.3572771475,0.028901734104046284
2025-09-24,1.937,5057015.60072355,0.02168301497160563
2025-09-25,1.994,4955021.965664014,-0.0526579739217653
2025-09-26,1.929,4808752.420084082,-0.02903058579574913
2025-09-29,1.951,4605092.649830461,-0.08713480266529994
2025-09-30,1.958,4490611.609633058,-0.07507660878447397
2025-10-09,1.979,4370789.706784144,-0.08640727640222334
2025-10-10,1.889,4360472.661374144,-0.06987824245632612
2025-10-13,1.873,4224534.252635255,-0.04484783769353984
2025-10-14,1.781,4033262.668839805,0.048848961257720536
2025-10-15,1.811,3929928.0393165946,0.03368304803975719
2025-10-16,1.808,3842942.79603675,0.025995575221238854
2025-10-17,1.757,3522750.938179426,0.10927717700626083
2025-10-20,1.789,3199353.2370788828,0.11570709893795428
2025-10-21,1.868,2958048.762038842,0.06638115631691632
2025-10-22,1.872,2677963.5930383056,0.0694444444444442
2025-10-23,1.855,2414826.610666424,0.056064690026954134
2025-10-24,1.949,2204713.7308379933,-0.027193432529502348
2025-10-27,1.996,2119088.6814852133,-0.05010020040080165
2025-10-28,1.992,1993167.7776634619,-0.0587349397590361
2025-10-29,2.002,1897566.2930310816,-0.07242757242757236
2025-10-30,1.959,1619863.1520149335,-0.02297090352220532
2025-10-31,1.896,1327757.8185368925,-0.009493670886076
2025-11-03,1.896,1171027.47309684,-0.020042194092826926
2025-11-04,1.875,996518.9439519569,-0.03146666666666664
2025-11-05,1.857,843320.9394889474,-0.01830910070005387
2025-11-06,1.914,782094.1440789774,-0.042319749216300884
2025-11-07,1.878,709289.7438504323,-0.05378061767838127
2025-11-10,1.858,633673.4776994735,-0.03606027987082894
2025-11-11,1.816,625443.8455558494,-0.00770925110132159
2025-11-12,1.823,579643.5413960963,-0.012616566099835413
2025-11-13,1.833,591264.9291435257,-0.022913256955810146
2025-11-14,1.777,714833.8226710632,-0.033764772087788275
2025-11-17,1.791,885492.4424443915,-0.034617532104969206
2025-11-18,1.802,970993.6234563589,-0.020532741398446297
2025-11-19,1.8,1048653.6653804183,0.016111111111110965
2025-11-20,1.791,1089972.9290943071,0.015075376884422287
2025-11-21,1.717,976418.1530067399,0.06290040768782745
2025-11-24,1.729,790304.9542866871,0.08155002891844987
2025-11-25,1.765,664872.389106527,0.05155807365439102
2025-11-26,1.829,568618.1548115909,0.0032804811372335596
2025-11-27,1.818,515620.6117924452,0.017601760176017667
2025-11-28,1.825,617439.5255878344,0.0158904109589042
2025-12-01,1.87,618606.7705696598,0.021925133689839615
2025-12-02,1.856,666506.5521240607,0.04310344827586188
2025-12-03,1.835,633904.3905560225,0.055585831062670454
2025-12-04,1.85,525654.9596697912,0.022162162162162158
2025-12-05,1.854,412262.289958328,0.02966558791801499
2025-12-08,1.911,354406.65827775,-0.016745159602302495
2025-12-09,1.936,335924.0241367668,-0.05371900826446274
2025-12-10,1.937,319308.45368937403,-0.02065049044914824
2025-12-11,1.891,208905.25623980165,-0.01374933897408781
2025-12-12,1.909,131495.66500797123,-0.01781037192247248
2025-12-15,1.879,15519.712129540741,0.01915912719531665
2025-12-16,1.832,-84218.67535978556,0.04748908296943233
2025-12-17,1.897,-137001.30852770805,0.01897733263046919
2025-12-18,1.865,-139227.2430845201,0.039142091152815084
2025-12-19,1.875,-39469.18516483903,0.030399999999999983
2025-12-22,1.915,84027.20660701394,0.010443864229765065
2025-12-23,1.919,218412.65186668932,0.02240750390828561
2025-12-24,1.933,307770.6831705719,0.0067252974650802155
2025-12-25,1.938,458580.02208943665,0.03457172342621262
2025-12-26,1.932,529483.0810058862,0.04554865424430643
2025-12-29,1.935,577846.4498075172,0.0428940568475451
2025-12-30,1.962,640587.525047332,0.033129459734964506
2025-12-31,1.946,738159.6936989054,0.058581706063720596
2026-01-05,2.005,851624.6833731979,0.07680798004987532
2026-01-06,2.02,971248.3237827942,0.03762376237623766
2026-01-07,2.018,1043755.9900181964,0.05996035678889999
2026-01-08,2.027,1045838.737962544,0.05377405032067095
2026-01-09,2.06,1046948.874711372,0.03398058252427183
2026-01-12,2.159,1198413.3598766997,-0.02732746641963857
2026-01-13,2.096,1228522.702500783,-0.020038167938931428
2026-01-14,2.139,1320269.9963049814,-0.020570359981299524
2026-01-15,2.136,1488257.6997411922,-0.0032771535580524702
2026-01-16,2.13,1588487.9617982954,-0.004225352112676051
2026-01-19,2.1,1668287.056494303,-0.0009523809523810378
2026-01-20,2.054,1727066.6239175722,0.03602726387536537
2026-01-21,2.095,1791860.5508398265,0.013842482100238529
2026-01-22,2.129,1852807.0724484175,-0.017848755284170847
2026-01-23,2.121,1912101.6370665878,-0.0014144271570014633
2026-01-26,2.098,1892295.1499666125,-0.019065776930409895
2026-01-27,2.128,1915418.3674842417,-0.027255639097744533
2026-01-28,2.124,1965978.9283000901,-0.05602636534839933
2026-01-29,2.091,1948921.6208729297,-0.05643232902917272
2026-01-30,2.118,1973460.4364457875,-0.08451369216241733
2026-02-02,2.058,1936858.1400556043,-0.020894071914479895
2026-02-03,2.07,1847246.9510782063,-0.018840579710144745
2026-02-04,2.005,1777323.9537674785,-0.0044887780548628076
2026-02-05,1.973,1722619.5048318952,0.029903699949315632
2026-02-06,1.939,1632402.6086810902,0.046415678184631215
2026-02-09,2.015,1426243.7534137294,0.006451612903225712
2026-02-10,2.031,1389863.7364147455,-0.003938946331856208
2026-02-11,1.996,1269438.682434246,0.02855711422845686
2026-02-12,2.032,1080622.1365706474,0.0073818897637796255
2026-02-13,2.029,938958.8517650813,0.0009857072449483972
2026-02-24,2.028,835288.453647159,-0.04043392504930965
2026-02-25,2.023,766556.815714404,-0.053386060306475525
2026-02-26,2.053,692321.9553425238,-0.041889917194349646
2026-02-27,2.047,598500.7487417385,-0.037616023448949765
2026-03-02,2.031,519509.6550730914,-0.03840472673559825
2026-03-03,1.946,450649.9768728316,0.023638232271325776
2026-03-04,1.915,298282.20412893593,0.030287206266318645
2026-03-05,1.967,164727.0687206164,-0.007625826131164248
2026-03-06,1.97,119078.3048344627,-0.01878172588832483
2026-03-09,1.953,25669.107834987342,-0.003072196620583667
2026-03-10,1.992,28477.377943389118,-0.04718875502008035
2026-03-11,1.973,25713.88526110351,-0.005575266092245346
2026-03-12,1.952,29912.30880688131,-0.00563524590163933
2026-03-13,1.933,44972.08074002713,-0.002586652871184758
2026-03-16,1.947,116402.51627220958,-0.051361068310220914
2026-03-17,1.898,158096.92352537066,-0.015806111696522573
2026-03-18,1.962,142583.23705753684,-0.021406727828746197
2026-03-19,1.941,185449.89469069988,-0.0345182895414734
2026-03-20,1.928,197012.91524594277,-0.030601659751037347
2026-03-23,1.847,182439.48535839468,0.0070384407146724115
2026-03-24,1.868,172758.94008170813,-0.02676659528907921
2026-03-25,1.92,142408.97443465143,-0.021874999999999978
2026-03-26,1.874,67406.12615212053,-0.027214514407684187
2026-03-27,1.869,-1842.791880004108,-0.018191546281433935
2026-03-30,1.86,-71202.58425607532,-0.003225806451612856
2026-03-31,1.818,-102195.4128190577,0.09185918591859177
2026-04-01,1.878,-35621.664770923555,0.05271565495207686
2026-04-02,1.823,7806.871133193374,0.11025781678551838
2026-04-03,1.835,-11420.178586184978,0.11008174386920988
2026-04-07,1.854,-44046.94124107808,0.12351672060409924
2026-04-08,1.985,-84443.53631356359,0.041813602015113416
2026-04-09,1.977,-70479.04648813605,0.07789580171977728
2026-04-10,2.024,-37170.18130232394,0.07213438735177857
2026-04-13,2.037,10460.573885083199,0.08247422680412386
2026-04-14,2.083,28955.823540583253,0.04608737397983664
2026-04-15,2.068,106881.97449098527,0.08945841392649911
2026-04-16,2.131,169202.6198174134,0.04974190520882238
2026-04-17,2.17,250289.26342410594,0.014285714285714457
2026-04-20,2.205,417899.25806973875,0.011337868480725488
2026-04-21,2.179,622638.02766563,0.0036714089031666397
2026-04-22,2.253,805128.382995218,-0.02086107412339111
2026-04-23,2.237,951269.8594255,0.012963790791238328
2026-04-24,2.201,1155378.4838358685,0.06633348477964551
2026-04-27,2.23,1359089.9067111537,0.0798206278026905
2026-04-28,2.187,1542764.8138454556,0.09510745313214453
2026-04-29,2.206,1733155.2699019462,0.11831368993653668
2026-04-30,2.266,1886635.203382358,0.0975286849073258
2026-05-06,2.347,2056137.1683721393,0.09757136770345132
2026-05-07,2.408,2288527.1376059502,0.047342192691029794
2026-05-08,2.395,2549530.8049920127,0.029645093945720236
2026-05-11,2.467,2760249.4239603654,0.007701661937576043
2026-05-12,2.487,2950642.7650505602,0.014877362283876039
2026-05-13,2.576,3137480.2094341516,-0.01552795031055898
2026-05-14,2.522,3273091.5951809883,-0.03172085646312439
2026-05-15,2.466,3384223.447594486,0.015815085158150666
2026-05-18,2.486,3503937.264026761,0.04786806114239739
2026-05-19,2.524,3597757.6293917224,0.0261489698890649
2026-05-20,2.536,3628832.440507792,0.001577287066246047
2026-05-21,2.442,3578792.2688343376,0.058558558558558405
2026-05-22,2.505,3523558.552219674,-0.0043912175648701535
2026-05-25,2.605,3455151.6268144846,-0.06871401151631473
2026-05-26,2.59,3440185.114923127,-0.036679536679536606
2026-05-27,2.54,3382688.1353481263,0.016929133858267775
2026-05-28,2.585,3343850.7828564346,-0.00735009671179887
2026-05-29,2.494,3313832.69558353,-0.006816359262229454
2026-06-01,2.426,3219401.798394017,
2026-06-02,2.495,3115936.0338566676,
2026-06-03,2.583,3023804.629492782,
2026-06-04,2.566,2869335.971083842,
2026-06-05,2.477,2675110.605308652,
