date,close,volume,v5_divergence,future_return_5d
2023-10-16,0.815,13099665,0.0,-0.036809815950920144
2023-10-17,0.824,10531728,0.0,-0.029126213592232886
2023-10-18,0.812,11646190,0.0,-0.008620689655172376
2023-10-19,0.822,17612530,0.0,-0.025547445255474366
2023-10-20,0.806,13062946,0.0,0.013647642679900596
2023-10-23,0.785,13047508,0.0,0.0878980891719745
2023-10-24,0.8,15167258,0.0,0.0674999999999999
2023-10-25,0.805,11435564,0.0,0.05465838509316767
2023-10-26,0.801,11097495,0.0,0.046192259675405634
2023-10-27,0.817,15656114,0.0,0.05263157894736836
2023-10-30,0.854,26472938,0.0,0.02810304449648715
2023-10-31,0.854,12024630,-1.0,0.030444964871194413
2023-11-01,0.849,9751639,-1.0,0.03886925795053009
2023-11-02,0.838,11190920,-1.0,0.039379474940334225
2023-11-03,0.86,16104627,0.0,0.010465116279069875
2023-11-06,0.878,16702234,0.0,-0.006833712984054663
2023-11-07,0.88,11191701,0.0,0.001136363636363713
2023-11-08,0.882,16551765,0.0,-0.0045351473922902175
2023-11-09,0.871,11463425,-1.0,-0.006888633754305373
2023-11-10,0.869,12475480,0.0,-0.0011507479861909697
2023-11-13,0.872,11918399,0.0,-0.008027522935779796
2023-11-14,0.881,13111490,0.0,-0.03178206583427923
2023-11-15,0.878,11873550,0.0,-0.04214123006833714
2023-11-16,0.865,11506479,0.0,-0.01965317919075149
2023-11-17,0.868,9204120,0.0,-0.03917050691244239
2023-11-20,0.865,11749183,0.0,-0.020809248554913284
2023-11-21,0.853,12238818,0.0,-0.007033997655334079
2023-11-22,0.841,11242793,0.0,0.007134363852556502
2023-11-23,0.848,11199669,0.0,-0.004716981132075526
2023-11-24,0.834,10884775,0.0,0.01558752997601931
2023-11-27,0.847,12358491,0.0,-0.008264462809917328
2023-11-28,0.847,8371719,0.0,-0.037780401416765086
2023-11-29,0.847,11540487,0.0,-0.038961038961038974
2023-11-30,0.844,8912560,0.0,-0.04502369668246442
2023-12-01,0.847,9368502,0.0,-0.03541912632821731
2023-12-04,0.84,7388287,0.0,-0.00952380952380949
2023-12-05,0.815,11455020,0.0,0.020858895705521574
2023-12-06,0.814,8393270,0.0,0.01228501228501222
2023-12-07,0.806,9247103,0.0,0.018610421836228186
2023-12-08,0.817,9959165,0.0,-0.003671970624234966
2023-12-11,0.832,11572032,0.0,-0.038461538461538325
2023-12-12,0.832,8110517,0.0,-0.028846153846153744
2023-12-13,0.824,7143537,-1.0,-0.029126213592232886
2023-12-14,0.821,8215454,0.0,-0.01948842874543233
2023-12-15,0.814,9354250,0.0,-0.023341523341523174
2023-12-18,0.8,9901728,0.0,-0.012499999999999956
2023-12-19,0.808,9472464,0.0,-0.04579207920792083
2023-12-20,0.8,7724557,0.0,-0.022499999999999964
2023-12-21,0.805,10224880,0.0,-0.007453416149068359
2023-12-22,0.795,10782345,0.0,0.01132075471698113
2023-12-25,0.79,6641149,0.0,0.0
2023-12-26,0.771,12392403,1.0,0.006485084306095956
2023-12-27,0.782,11644223,0.0,-0.023017902813299296
2023-12-28,0.799,12136549,0.0,-0.06257822277847314
2023-12-29,0.804,9950921,0.0,-0.09950248756218916
2024-01-02,0.79,9583771,0.0,-0.08227848101265833
2024-01-03,0.776,13507902,0.0,-0.07603092783505161
2024-01-04,0.764,12128476,0.0,-0.048429319371727786
2024-01-05,0.749,12511926,0.0,-0.04806408544726304
2024-01-08,0.724,14075485,0.0,-0.006906077348066253
2024-01-09,0.725,12296543,0.0,-0.011034482758620734
2024-01-10,0.717,11607923,0.0,-0.029288702928870314
2024-01-11,0.727,12667145,0.0,-0.022008253094910613
2024-01-12,0.713,10281605,0.0,-0.008415147265077194
2024-01-15,0.719,12844930,0.0,-0.05841446453407495
2024-01-16,0.717,11570212,0.0,-0.0460251046025103
2024-01-17,0.696,11255060,0.0,-0.02011494252873547
2024-01-18,0.711,16994541,1.0,-0.01828410689170179
2024-01-19,0.707,10323039,0.0,-0.04526166902404516
2024-01-22,0.677,12402774,0.0,-0.03249630723781394
2024-01-23,0.684,16427765,1.0,-0.08187134502923987
2024-01-24,0.682,17082419,0.0,-0.10410557184750746
2024-01-25,0.698,16758957,0.0,-0.1146131805157593
2024-01-26,0.675,16660058,0.0,-0.12296296296296305
2024-01-29,0.655,13543241,0.0,-0.11755725190839705
2024-01-30,0.628,15521636,0.0,-0.009554140127388533
2024-01-31,0.611,15075218,0.0,0.042553191489361764
2024-02-01,0.618,16248186,0.0,0.07443365695792892
2024-02-02,0.592,19782358,1.0,0.1385135135135136
2024-02-05,0.578,20290089,0.0,0.1574394463667821
2024-02-06,0.622,18179379,0.0,0.08038585209003224
2024-02-07,0.637,13476430,-1.0,0.07378335949764536
2024-02-08,0.664,13787427,0.0,0.036144578313252795
2024-02-19,0.674,11301692,-1.0,0.028189910979228294
2024-02-20,0.669,8746171,-1.0,0.0852017937219729
2024-02-21,0.672,12326718,0.0,0.025297619047618847
2024-02-22,0.684,9345339,0.0,0.07602339181286544
2024-02-23,0.688,8402346,0.0,0.08284883720930236
2024-02-26,0.693,8829614,0.0,0.08080808080808088
2024-02-27,0.726,14846916,0.0,0.026170798898071723
2024-02-28,0.689,17250421,0.0,0.06531204644412192
2024-02-29,0.736,22655958,0.0,-0.02309782608695654
2024-03-01,0.745,16028405,0.0,-0.00939597315436247
2024-03-04,0.749,12398327,-1.0,-0.004005340453938633
2024-03-05,0.745,10117350,-1.0,0.006711409395973256
2024-03-06,0.734,10411703,-1.0,0.021798365122615904
2024-03-07,0.719,11930060,0.0,0.026425591098748313
2024-03-08,0.738,12283009,0.0,0.004065040650406582
2024-03-11,0.746,9666503,0.0,0.022788203753351333
2024-03-12,0.75,10596084,0.0,0.0040000000000000036
2024-03-13,0.75,10070913,0.0,0.006666666666666599
2024-03-14,0.738,10307123,0.0,0.02168021680216814
2024-03-15,0.741,8146025,0.0,0.006747638326585648
2024-03-18,0.763,12214230,0.0,-0.04849279161205766
2024-03-19,0.753,7985273,0.0,-0.049136786188579085
2024-03-20,0.755,7361657,-1.0,-0.08609271523178819
2024-03-21,0.754,10236761,0.0,-0.0663129973474802
2024-03-22,0.746,11271328,0.0,-0.05495978552278824
2024-03-25,0.726,10377137,0.0,-0.016528925619834767
2024-03-26,0.716,12965131,1.0,-0.018156424581005637
2024-03-27,0.69,12431876,0.0,0.011594202898550732
2024-03-28,0.704,12224056,0.0,-0.03693181818181801
2024-03-29,0.705,8523714,0.0,-0.028368794326240954
2024-04-01,0.714,8564157,0.0,-0.06862745098039202
2024-04-02,0.703,8230022,0.0,-0.05547652916073953
2024-04-03,0.698,9823913,0.0,-0.04154727793696267
2024-04-08,0.678,9137311,0.0,-0.002949852507374673
2024-04-09,0.685,7726489,0.0,-0.0481751824817519
2024-04-10,0.665,9346512,0.0,0.024060150375939893
2024-04-11,0.664,9365374,0.0,0.016566265060240948
2024-04-12,0.669,9810815,0.0,-0.022421524663677195
2024-04-15,0.676,11885108,1.0,-0.028106508875739622
2024-04-16,0.652,10708822,0.0,0.004601226993865115
2024-04-17,0.681,14187680,0.0,-0.017621145374449365
2024-04-18,0.675,9630393,0.0,-0.00592592592592589
2024-04-19,0.654,12568883,0.0,0.05351681957186538
2024-04-22,0.657,9300235,0.0,0.0852359208523592
2024-04-23,0.655,7686842,-1.0,0.07480916030534335
2024-04-24,0.669,9823677,0.0,0.06278026905829592
2024-04-25,0.671,8607610,0.0,0.05365126676602072
2024-04-26,0.689,11479631,0.0,0.00870827285921627
2024-04-29,0.713,12610217,0.0,-0.0014025245441795509
2024-04-30,0.704,8811233,0.0,-0.009943181818181879
2024-05-06,0.711,10832186,0.0,-0.033755274261603296
2024-05-07,0.707,8467188,0.0,-0.026874115983026914
2024-05-08,0.695,8324726,0.0,-0.02446043165467615
2024-05-09,0.712,10131067,0.0,-0.04634831460674149
2024-05-10,0.697,14202338,1.0,-0.011477761836441891
2024-05-13,0.687,9610943,0.0,0.004366812227074135
2024-05-14,0.688,7917228,0.0,-0.0043604651162789665
2024-05-15,0.678,8800751,0.0,0.014749262536873031
2024-05-16,0.679,9282556,0.0,-0.00589101620029453
2024-05-17,0.689,10043831,0.0,-0.04499274310595058
2024-05-20,0.69,10142511,0.0,-0.013043478260869379
2024-05-21,0.685,6860855,0.0,-0.0029197080291970545
2024-05-22,0.688,9626390,0.0,-0.015988372093023062
2024-05-23,0.675,10672229,0.0,0.028148148148148033
2024-05-24,0.658,10432665,0.0,0.05319148936170204
2024-05-27,0.681,18784441,1.0,0.03524229074889851
2024-05-28,0.683,22669688,1.0,0.029282576866764165
2024-05-29,0.677,11486268,0.0,0.04283604135893637
2024-05-30,0.694,20335186,0.0,0.012968299711815678
2024-05-31,0.693,12718082,-1.0,0.01443001443001446
2024-06-03,0.705,22515642,0.0,0.038297872340425476
2024-06-04,0.703,17045411,0.0,0.0369843527738265
2024-06-05,0.706,17914685,0.0,0.04249291784702547
2024-06-06,0.703,21251410,0.0,0.04267425320056906
2024-06-07,0.703,18352845,0.0,0.06401137980085347
2024-06-11,0.732,27410766,0.0,0.021857923497267784
2024-06-12,0.729,17100997,0.0,0.027434842249657088
2024-06-13,0.736,17731042,0.0,0.01902173913043481
2024-06-14,0.733,13941874,-1.0,0.02592087312414737
2024-06-17,0.748,15337997,0.0,-0.024064171122994638
2024-06-18,0.748,13739765,0.0,-0.06149732620320858
2024-06-19,0.749,15213896,0.0,-0.040053404539385884
2024-06-20,0.75,21547077,0.0,-0.05733333333333335
2024-06-21,0.752,16616725,0.0,-0.05585106382978733
2024-06-24,0.73,17102673,0.0,-0.0328767123287671
2024-06-25,0.702,20885655,0.0,-0.012820512820512886
2024-06-26,0.719,17774802,0.0,-0.022253129346314293
2024-06-27,0.707,12977647,0.0,-0.0240452616690241
2024-06-28,0.71,12052983,0.0,-0.028169014084507116
2024-07-01,0.706,14540253,0.0,-0.024079320113314484
2024-07-02,0.693,11414726,0.0,0.03607503607503615
2024-07-03,0.703,15014323,0.0,0.01849217638691325
2024-07-04,0.69,11150071,0.0,0.049275362318840665
2024-07-05,0.69,13911622,0.0,0.0565217391304349
2024-07-08,0.689,13120963,0.0,0.062409288824383236
2024-07-09,0.718,22111327,0.0,0.048746518105849734
2024-07-10,0.716,13314142,0.0,0.03910614525139677
2024-07-11,0.724,22101609,0.0,0.03453038674033149
2024-07-12,0.729,15026272,0.0,0.053497942386831365
2024-07-15,0.732,12926277,-1.0,0.051912568306010876
2024-07-16,0.753,19872959,0.0,-0.026560424966799445
2024-07-17,0.744,12889705,-1.0,-0.029569892473118253
2024-07-18,0.749,20298293,0.0,-0.04539385847797062
2024-07-19,0.768,22537379,0.0,-0.06380208333333337
2024-07-22,0.77,14038911,-1.0,-0.07792207792207795
2024-07-23,0.733,20191914,0.0,-0.019099590723056004
2024-07-24,0.722,16298008,0.0,0.03462603878116344
2024-07-25,0.715,15937925,0.0,0.05034965034965033
2024-07-26,0.719,15893208,0.0,0.013908205841446364
2024-07-29,0.71,12677241,0.0,-0.022535211267605604
2024-07-30,0.719,14174172,0.0,-0.026425591098748313
2024-07-31,0.747,19063238,0.0,-0.07228915662650603
2024-08-01,0.751,17623044,0.0,-0.07190412782956068
2024-08-02,0.729,17583052,0.0,-0.04389574759945136
2024-08-05,0.694,23573463,1.0,-0.004322766570605152
2024-08-06,0.7,16732581,0.0,-0.004285714285714337
2024-08-07,0.693,12748653,0.0,-0.00721500721500723
2024-08-08,0.697,16557007,0.0,-0.00717360114777621
2024-08-09,0.697,13190571,0.0,-0.010043041606886627
2024-08-12,0.691,10078248,0.0,-0.0028943560057886897
2024-08-13,0.697,10483799,0.0,-0.028694404591104616
2024-08-14,0.688,9983799,0.0,-0.021802325581395166
2024-08-15,0.692,13804445,0.0,-0.041907514450866934
2024-08-16,0.69,11009152,0.0,-0.04492753623188395
2024-08-19,0.689,10495044,0.0,-0.04499274310595058
2024-08-20,0.677,12520670,0.0,-0.04431314623338256
2024-08-21,0.673,10691598,0.0,-0.03714710252600295
2024-08-22,0.663,10561943,0.0,-0.010558069381598756
2024-08-23,0.659,9668941,0.0,0.03186646433990892
2024-08-26,0.658,7241135,0.0,-0.006079027355623157
2024-08-27,0.647,9766792,0.0,0.018547140649149974
2024-08-28,0.648,7712736,0.0,0.0092592592592593
2024-08-29,0.656,12477036,1.0,-0.004573170731707266
2024-08-30,0.68,19703770,0.0,-0.05441176470588238
2024-09-02,0.654,13606756,0.0,-0.022935779816513735
2024-09-03,0.659,8393301,-1.0,-0.02124430955993928
2024-09-04,0.654,8541699,-1.0,-0.016819571865443472
2024-09-05,0.653,8657418,0.0,-0.027565084226646275
2024-09-06,0.643,9406224,0.0,-0.02488335925349927
2024-09-09,0.639,8325715,0.0,-0.023474178403755874
2024-09-10,0.645,11869201,1.0,-0.024806201550387597
2024-09-11,0.643,7030134,0.0,-0.027993779160186638
2024-09-12,0.635,9504242,0.0,-0.025196850393700787
2024-09-13,0.627,10282691,0.0,0.02551834130781505
2024-09-18,0.624,8216768,0.0,0.03685897435897445
2024-09-19,0.629,13587898,1.0,0.07790143084260737
2024-09-20,0.625,10657785,0.0,0.1552
2024-09-23,0.619,9638589,0.0,0.28271405492730217
2024-09-24,0.643,22890789,0.0,0.35769828926905123
2024-09-25,0.647,22999454,0.0,0.48377125193199366
2024-09-26,0.678,22534297,0.0,0.3643067846607668
2024-09-27,0.722,17585230,0.0,0.21052631578947367
2024-09-30,0.794,28803461,0.0,0.14483627204030225
2024-10-08,0.873,9857327,-1.0,0.021764032073310347
2024-10-09,0.96,83562770,0.0,-0.08958333333333335
2024-10-10,0.925,55872888,0.0,-0.05081081081081085
2024-10-11,0.874,36662933,0.0,0.10526315789473673
2024-10-14,0.909,32022552,-1.0,0.10781078107810771
2024-10-15,0.892,33635124,-1.0,0.10986547085201792
2024-10-16,0.874,21511586,0.0,0.1167048054919908
2024-10-17,0.878,19207583,0.0,0.11389521640091105
2024-10-18,0.966,47586073,0.0,0.01863354037267073
2024-10-21,1.007,70846717,0.0,-0.02581926514399202
2024-10-22,0.99,30329571,0.0,-0.01717171717171717
2024-10-23,0.976,25538830,-1.0,-0.013319672131147597
2024-10-24,0.978,20119110,-1.0,0.008179959100204526
2024-10-25,0.984,25062995,-1.0,-0.04166666666666674
2024-10-28,0.981,16389362,0.0,-0.022426095820591296
2024-10-29,0.973,27856030,1.0,0.0349434737923946
2024-10-30,0.963,19345081,0.0,0.05711318795430942
2024-10-31,0.986,28834031,0.0,0.06389452332657197
2024-11-01,0.943,28021663,0.0,0.1198303287380702
2024-11-04,0.959,15512794,0.0,0.16892596454640252
2024-11-05,1.007,31267431,0.0,0.08639523336643506
2024-11-06,1.018,29075172,0.0,0.07563850687622775
2024-11-07,1.049,23750679,0.0,0.0019065776930409228
2024-11-08,1.056,28272171,0.0,-0.045454545454545525
2024-11-11,1.121,30600193,0.0,-0.1231043710972346
2024-11-12,1.094,26981550,0.0,-0.07038391224862905
2024-11-13,1.095,17576400,-1.0,-0.07123287671232881
2024-11-14,1.051,19149399,-1.0,-0.027592768791626976
2024-11-15,1.008,24318070,0.0,-0.02876984126984128
2024-11-18,0.983,22312121,0.0,-0.015259409969481164
2024-11-19,1.017,24326307,0.0,-0.05703048180924286
2024-11-20,1.017,17806999,0.0,-0.02654867256637161
2024-11-21,1.022,16202449,0.0,-0.0332681017612525
2024-11-22,0.979,22481950,0.0,0.026557711950970342
2024-11-25,0.968,16383357,0.0,0.04752066115702491
2024-11-26,0.959,9584873,0.0,0.04379562043795615
2024-11-27,0.99,19516680,0.0,0.013131313131313105
2024-11-28,0.988,16118619,0.0,0.014170040485830038
2024-11-29,1.005,21474276,0.0,0.007960199004975133
2024-12-02,1.014,14968895,0.0,-0.017751479289940808
2024-12-03,1.001,15558866,0.0,0.004995004995005159
2024-12-04,1.003,22150062,0.0,0.004985044865403854
2024-12-05,1.002,11922700,-1.0,0.010978043912175606
2024-12-06,1.013,19114223,0.0,-0.01382033563672247
2024-12-09,0.996,14728232,0.0,-0.016064257028112428
2024-12-10,1.006,24585806,0.0,-0.035785288270377746
2024-12-11,1.008,12787903,-1.0,-0.008928571428571397
2024-12-12,1.013,12982226,-1.0,0.0049358341559724295
2024-12-13,0.999,16627338,0.0,0.05305305305305308
2024-12-16,0.98,12555216,0.0,0.055102040816326525
2024-12-17,0.97,11626200,0.0,0.08247422680412386
2024-12-18,0.999,24345584,1.0,0.049049049049049165
2024-12-19,1.018,21117577,0.0,0.04911591355599221
2024-12-20,1.052,29569980,0.0,0.0038022813688212143
2024-12-23,1.034,14113760,-1.0,0.02224371373307532
2024-12-24,1.05,20791437,0.0,-0.03904761904761922
2024-12-25,1.048,13182557,-1.0,-0.08015267175572527
2024-12-26,1.068,17008414,0.0,-0.1179775280898877
2024-12-27,1.056,15630122,0.0,-0.11458333333333337
2024-12-30,1.057,10748693,-1.0,-0.075685903500473
2024-12-31,1.009,19188192,1.0,-0.031714568880079175
2025-01-02,0.964,22271594,1.0,0.016597510373443924
2025-01-03,0.942,18434040,0.0,0.035031847133758065
2025-01-06,0.935,13745002,0.0,0.03850267379679129
2025-01-07,0.977,20549262,0.0,0.03377686796315249
2025-01-08,0.977,18766387,0.0,0.03275332650972351
2025-01-09,0.98,13736618,0.0,0.008163265306122547
2025-01-10,0.975,19102308,0.0,0.036923076923076836
2025-01-13,0.971,9861795,-1.0,0.040164778578784865
2025-01-14,1.01,21820709,0.0,0.013861386138613874
2025-01-15,1.009,13420031,0.0,0.01288404360753237
2025-01-16,0.988,17471067,0.0,0.020242914979757165
2025-01-17,1.011,20987434,0.0,0.006923837784372111
2025-01-20,1.01,12318374,-1.0,-0.01980198019801982
2025-01-21,1.024,18064509,0.0,-0.006835937500000111
2025-01-22,1.022,12349718,-1.0,0.03718199608610573
2025-01-23,1.008,16424174,0.0,0.0535714285714286
2025-01-24,1.018,10518749,-1.0,0.05500982318271119
2025-01-27,0.99,12989797,0.0,0.07171717171717162
2025-02-05,1.017,16236903,0.0,0.07866273352999031
2025-02-06,1.06,21228997,0.0,0.002830188679245227
2025-02-07,1.062,21415954,0.0,0.0
2025-02-10,1.074,13785230,0.0,0.0018621973929235924
2025-02-11,1.061,10195823,-1.0,-0.006597549481621057
2025-02-12,1.097,18621677,0.0,0.003646308113035568
2025-02-13,1.063,15715180,0.0,0.031044214487300215
2025-02-14,1.062,12179044,0.0,0.08474576271186418
2025-02-17,1.076,13543496,0.0,0.07434944237918195
2025-02-18,1.054,12911276,0.0,0.09203036053130931
2025-02-19,1.101,23256414,0.0,0.06357856494096281
2025-02-20,1.096,12310497,0.0,0.062043795620437825
2025-02-21,1.152,23599180,0.0,-0.03906249999999989
2025-02-24,1.156,14249768,0.0,-0.054498269896193774
2025-02-25,1.151,15515576,0.0,-0.024326672458731546
2025-02-26,1.171,16172346,0.0,-0.03672075149444931
2025-02-27,1.164,15030094,0.0,-0.005154639175257714
2025-02-28,1.107,17602363,0.0,0.031616982836494945
2025-03-03,1.093,12097869,0.0,0.043915827996340306
2025-03-04,1.123,16498928,0.0,0.008014247551201947
2025-03-05,1.128,10979144,0.0,0.0
2025-03-06,1.158,14115166,0.0,-0.05440414507772018
2025-03-07,1.142,10413191,0.0,-0.02189141856392285
2025-03-10,1.141,9252974,-1.0,-0.0262927256792288
2025-03-11,1.132,10302697,0.0,-0.011484098939929188
2025-03-12,1.128,9922863,0.0,-0.020390070921985748
2025-03-13,1.095,15848216,1.0,-0.0009132420091323423
2025-03-14,1.117,12543424,0.0,-0.047448522829006246
2025-03-17,1.111,6210129,0.0,-0.03510351035103498
2025-03-18,1.119,8391132,0.0,-0.05987488829311882
2025-03-19,1.105,8190177,0.0,-0.047963800904977316
2025-03-20,1.094,8042064,0.0,-0.027422303473491838
2025-03-21,1.064,12183664,1.0,-0.015037593984962405
2025-03-24,1.072,9470239,0.0,-0.021455223880597174
2025-03-25,1.052,9084783,0.0,-0.0019011406844106071
2025-03-26,1.052,5833410,0.0,-0.004752851711026684
2025-03-27,1.064,10338596,0.0,-0.021616541353383534
2025-03-28,1.048,8217843,0.0,-0.0992366412213741
2025-03-31,1.049,8649288,0.0,-0.09818875119161108
2025-04-01,1.05,7371609,0.0,-0.05428571428571438
2025-04-02,1.047,5956981,0.0,-0.04011461318051579
2025-04-03,1.041,10293338,1.0,0.01344860710854956
2025-04-07,0.944,17378320,1.0,0.11758474576271194
2025-04-08,0.946,12438906,0.0,0.10147991543340384
2025-04-09,0.993,20979415,1.0,0.056394763343403875
2025-04-10,1.005,13422926,0.0,0.04975124378109452
2025-04-11,1.055,22313587,0.0,-0.010426540284360075
2025-04-14,1.055,11955329,-1.0,0.0
2025-04-15,1.042,9060957,-1.0,0.01055662188099804
2025-04-16,1.049,9031479,-1.0,0.0038131553860820677
2025-04-17,1.055,10043088,0.0,-0.01516587677725123
2025-04-18,1.044,6820985,0.0,-0.007662835249042099
2025-04-21,1.055,6175050,0.0,-0.017061611374407648
2025-04-22,1.053,6894218,0.0,-0.005698005698005715
2025-04-23,1.053,8424884,0.0,0.00664767331434013
2025-04-24,1.039,7193049,0.0,0.037536092396535325
2025-04-25,1.036,8050990,0.0,0.03474903474903468
2025-04-28,1.037,6315451,0.0,0.029893924783028103
2025-04-29,1.047,6438450,0.0,-0.00382043935052534
2025-04-30,1.06,7835112,0.0,-0.009433962264150941
2025-05-06,1.078,7791382,0.0,-0.032467532467532645
2025-05-07,1.072,8845336,0.0,-0.02332089552238814
2025-05-08,1.068,6271276,0.0,-0.04026217228464435
2025-05-09,1.043,10305885,1.0,-0.019175455417066223
2025-05-12,1.05,8531870,0.0,-0.020952380952380945
2025-05-13,1.043,7562052,0.0,-0.010546500479386323
2025-05-14,1.047,9548940,0.0,-0.02387774594078307
2025-05-15,1.025,10222182,0.0,-0.007804878048780495
2025-05-16,1.023,5591834,0.0,-0.0185728250244378
2025-05-19,1.028,6426218,0.0,-0.014591439688716124
2025-05-20,1.032,5439176,0.0,-0.0339147286821706
2025-05-21,1.022,6386267,0.0,-0.03131115459882583
2025-05-22,1.017,7523805,0.0,-0.005899705014749235
2025-05-23,1.004,9355177,1.0,-0.007968127490039834
2025-05-26,1.013,7290623,0.0,-0.008884501480750151
2025-05-27,0.997,7882628,0.0,0.011033099297893756
2025-05-28,0.99,6207010,0.0,0.03737373737373728
2025-05-29,1.011,9365636,0.0,0.015825914935707175
2025-05-30,0.996,7064995,0.0,0.033132530120481896
2025-06-03,1.004,7401285,0.0,0.0029880478087649376
2025-06-04,1.008,5376480,-1.0,-0.001984126984126977
2025-06-05,1.027,11554314,0.0,-0.02921129503407971
2025-06-06,1.027,6634310,0.0,-0.033106134371957086
2025-06-09,1.029,6024994,0.0,-0.03206997084548102
2025-06-10,1.007,10170107,0.0,-0.015888778550148808
2025-06-11,1.006,6285855,0.0,-0.006958250497017926
2025-06-12,0.997,8983149,0.0,0.0020060180541625616
2025-06-13,0.993,8222979,0.0,-0.001007049345417954
2025-06-16,0.996,5182738,0.0,0.007028112449799062
2025-06-17,0.991,6281744,0.0,0.029263370332996974
2025-06-18,0.999,8725860,0.0,0.04304304304304307
2025-06-19,0.999,10168564,0.0,0.029029029029029152
2025-06-20,0.992,6739225,0.0,0.04133064516129026
2025-06-23,1.003,10756590,0.0,0.04586241276171488
2025-06-24,1.02,12826169,0.0,0.0235294117647058
2025-06-25,1.042,15279567,0.0,-0.018234165067178676
2025-06-26,1.028,13029945,0.0,-0.0038910505836575737
2025-06-27,1.033,12504391,0.0,-0.010648596321393922
2025-06-30,1.049,11593877,0.0,-0.028598665395614953
2025-07-01,1.044,9113684,-1.0,-0.012452107279693592
2025-07-02,1.023,11698328,0.0,-0.003910068426197455
2025-07-03,1.024,8905545,0.0,-0.0078125
2025-07-04,1.022,13849410,1.0,0.008806262230919737
2025-07-07,1.019,5422686,0.0,0.0058881256133465065
2025-07-08,1.031,9710131,0.0,-0.008729388942773864
2025-07-09,1.019,10116476,0.0,0.0058881256133465065
2025-07-10,1.016,9661924,0.0,0.015748031496062964
2025-07-11,1.031,15341018,0.0,0.0029097963142581396
2025-07-14,1.025,9092425,0.0,0.009756097560975618
2025-07-15,1.022,13420386,0.0,0.014677103718199414
2025-07-16,1.025,14377663,0.0,0.018536585365853675
2025-07-17,1.032,13765182,0.0,0.027131782945736482
2025-07-18,1.034,16701428,0.0,0.046421663442940186
2025-07-21,1.035,11433695,0.0,0.04444444444444451
2025-07-22,1.037,16788458,0.0,0.057859209257473454
2025-07-23,1.044,21518745,0.0,0.04118773946360155
2025-07-24,1.06,18155301,0.0,0.013207547169811429
2025-07-25,1.082,20898010,0.0,-0.015711645101663674
2025-07-28,1.081,13565092,-1.0,-0.0018501387604070718
2025-07-29,1.097,15324630,0.0,-0.014585232452142272
2025-07-30,1.087,15530828,0.0,0.0036798528058876734
2025-07-31,1.074,17087400,0.0,0.021415270018621868
2025-08-01,1.065,11938387,0.0,0.010328638497652642
2025-08-04,1.079,10260298,0.0,0.004633920296571059
2025-08-05,1.081,8037405,0.0,0.029602220166512483
2025-08-06,1.091,9096383,0.0,0.030247479376718678
2025-08-07,1.097,20116352,0.0,0.030993618960802216
2025-08-08,1.076,12664125,0.0,0.07249070631970245
2025-08-11,1.084,9267873,-1.0,0.088560885608856
2025-08-12,1.113,19735997,0.0,0.044923629829290324
2025-08-13,1.124,12534181,0.0,0.07473309608540912
2025-08-14,1.131,22320520,0.0,0.06189213085764811
2025-08-15,1.154,13398751,0.0,0.13604852686308488
2025-08-18,1.18,15093814,0.0,0.12711864406779672
2025-08-19,1.163,11248037,-1.0,0.1306964746345658
2025-08-20,1.208,20581377,0.0,0.0935430463576159
2025-08-21,1.201,16358118,0.0,0.17901748542880913
2025-08-22,1.311,29849687,0.0,0.05263157894736836
2025-08-25,1.33,24601237,0.0,0.05488721804511276
2025-08-26,1.315,17650248,0.0,0.03041825095057038
2025-08-27,1.321,23657199,0.0,0.00832702498107496
2025-08-28,1.416,29376435,0.0,-0.12853107344632764
2025-08-29,1.38,17949554,-1.0,-0.07463768115942027
2025-09-01,1.403,17293945,0.0,-0.08980755523877415
2025-09-02,1.355,19855560,0.0,-0.0797047970479704
2025-09-03,1.332,15509398,-1.0,-0.05105105105105112
2025-09-04,1.234,21535083,0.0,0.08670988654781198
2025-09-05,1.277,16412048,0.0,0.06969459671104161
2025-09-08,1.277,10798804,0.0,0.0759592795614723
2025-09-09,1.247,9173547,0.0,0.11226944667201266
2025-09-10,1.264,10115756,0.0,0.11392405063291133
2025-09-11,1.341,17983717,0.0,0.06338553318419082
2025-09-12,1.366,14955082,0.0,0.03147877013177158
2025-09-15,1.374,13155720,0.0,0.0640465793304219
2025-09-16,1.387,11301522,0.0,0.05767844268204758
2025-09-17,1.408,11284959,0.0,0.09588068181818188
2025-09-18,1.426,23169092,0.0,0.0841514726507715
2025-09-19,1.409,12054084,0.0,0.08090844570617461
2025-09-22,1.462,13893344,0.0,0.05335157318741457
2025-09-23,1.467,13608900,0.0,0.0743012951601909
2025-09-24,1.543,16845719,0.0,0.05055087491898913
2025-09-25,1.546,13293727,0.0,-0.014230271668822736
2025-09-26,1.523,12136364,0.0,0.02232435981615244
2025-09-29,1.54,10263335,-1.0,-0.045454545454545525
2025-09-30,1.576,12306827,0.0,-0.053299492385786795
2025-10-09,1.621,14215225,0.0,-0.08451573103022825
2025-10-10,1.524,19449110,1.0,-0.06627296587926512
2025-10-13,1.557,17175670,0.0,-0.079640333975594
2025-10-14,1.47,20174964,1.0,0.0020408163265306367
2025-10-15,1.492,12302748,0.0,-0.016756032171581725
2025-10-16,1.484,8927764,0.0,-0.019541778975741164
2025-10-17,1.423,13682082,0.0,0.07378777231201683
2025-10-20,1.433,10963060,0.0,0.0921144452198186
2025-10-21,1.473,12153159,0.0,0.05295315682281054
2025-10-22,1.467,9016535,0.0,0.05998636673483282
2025-10-23,1.455,8872191,0.0,0.04467353951890041
2025-10-24,1.528,17162108,0.0,-0.04123036649214651
2025-10-27,1.565,18652236,0.0,-0.07220447284345044
2025-10-28,1.551,10846655,0.0,-0.07414571244358481
2025-10-29,1.555,13284606,0.0,-0.0842443729903537
2025-10-30,1.52,11291542,-1.0,-0.02631578947368418
2025-10-31,1.465,15887788,0.0,-0.0027303754266211344
2025-11-03,1.452,12595510,0.0,0.0006887052341597588
2025-11-04,1.436,10035616,0.0,-0.004874651810584885
2025-11-05,1.424,10715310,0.0,-0.001404494382022503
2025-11-06,1.48,13761302,0.0,-0.022297297297297236
2025-11-07,1.461,7856129,0.0,-0.0417522245037647
2025-11-10,1.453,8681389,0.0,-0.03854094975911915
2025-11-11,1.429,9389668,0.0,-0.01259622113365988
2025-11-12,1.422,8621229,0.0,-0.016877637130801704
2025-11-13,1.447,9920984,0.0,-0.04699378023496892
2025-11-14,1.4,10926467,0.0,-0.055714285714285605
2025-11-17,1.397,7749872,0.0,-0.0458124552612742
2025-11-18,1.411,10303592,0.0,-0.0453579021970234
2025-11-19,1.398,7924058,0.0,-0.020743919885550688
2025-11-20,1.379,8396534,0.0,-0.0029006526468455807
2025-11-21,1.322,11972742,1.0,0.05219364599092291
2025-11-24,1.333,9081604,0.0,0.06226556639159786
2025-11-25,1.347,9870032,0.0,0.036377134372679976
2025-11-26,1.369,11000407,0.0,0.01095690284879458
2025-11-27,1.375,10226410,0.0,0.026181818181818306
2025-11-28,1.391,7164561,-1.0,0.01078360891444996
2025-12-01,1.416,8900563,0.0,0.017655367231638408
2025-12-02,1.396,6014195,-1.0,0.02865329512893977
2025-12-03,1.384,5081334,-1.0,0.039017341040462394
2025-12-04,1.411,8412544,0.0,0.0028348688873138794
2025-12-05,1.406,8191309,0.0,0.024182076813655806
2025-12-08,1.441,10296431,0.0,-0.02359472588480227
2025-12-09,1.436,6963218,0.0,-0.03760445682451252
2025-12-10,1.438,6816988,0.0,-0.018080667593880384
2025-12-11,1.415,5126399,-1.0,-0.009893992932862195
2025-12-12,1.44,8826665,0.0,-0.029166666666666674
2025-12-15,1.407,6518751,0.0,0.020611229566453337
2025-12-16,1.382,7702527,0.0,0.04920405209840806
2025-12-17,1.412,8543609,0.0,0.04249291784702547
2025-12-18,1.401,5974338,0.0,0.04996431120628131
2025-12-19,1.398,6571845,0.0,0.047925608011444965
2025-12-22,1.436,9125728,0.0,0.020891364902507092
2025-12-23,1.45,9393226,0.0,0.024827586206896513
2025-12-24,1.472,8161550,0.0,-0.005434782608695676
2025-12-25,1.471,7029330,0.0,0.04010876954452747
2025-12-26,1.465,6807966,0.0,0.0668941979522184
2025-12-29,1.466,11104644,0.0,0.09345156889495221
2025-12-30,1.486,9578275,0.0,0.08142664872139971
2025-12-31,1.464,8350245,0.0,0.10519125683060127
2026-01-05,1.53,11862556,0.0,0.07581699346405224
2026-01-06,1.563,10069918,0.0,0.019193857965451144
2026-01-07,1.603,12614904,0.0,0.008733624454148492
2026-01-08,1.607,10422724,0.0,0.026135656502800364
2026-01-09,1.618,9438238,0.0,0.0519159456118663
2026-01-12,1.646,8059671,-1.0,0.02916160388821387
2026-01-13,1.593,10424241,0.0,0.0558694287507846
2026-01-14,1.617,10945757,0.0,0.07977736549165115
2026-01-15,1.649,10045465,0.0,0.05215281989084297
2026-01-16,1.702,13113621,0.0,0.021151586368977737
2026-01-19,1.694,9361344,0.0,0.0023612750885477762
2026-01-20,1.682,8677224,0.0,0.03686087990487508
2026-01-21,1.746,12527429,0.0,0.010309278350515427
2026-01-22,1.735,9646672,0.0,-0.02363112391930844
2026-01-23,1.738,8719855,0.0,-0.015535097813578758
2026-01-26,1.698,9961461,0.0,-0.04711425206124842
2026-01-27,1.744,9918714,0.0,-0.0584862385321101
2026-01-28,1.764,10506696,0.0,-0.08843537414965985
2026-01-29,1.694,12761856,1.0,-0.06080283353010629
2026-01-30,1.711,10597616,0.0,-0.07831677381648161
2026-02-02,1.618,14744126,1.0,0.006180469715698189
2026-02-03,1.642,9294592,0.0,-0.0036540803897685548
2026-02-04,1.608,9993004,0.0,0.005597014925373012
2026-02-05,1.591,10236926,0.0,0.038340666247642874
2026-02-06,1.577,8384436,0.0,0.04946100190234626
2026-02-09,1.628,9454882,0.0,0.020270270270270396
2026-02-10,1.636,6386633,0.0,0.023838630806846117
2026-02-11,1.617,5384603,-1.0,0.05071119356833642
2026-02-12,1.652,6963868,0.0,0.01997578692493951
2026-02-13,1.655,7231726,0.0,0.0
2026-02-24,1.661,5788507,0.0,-0.06140878988561116
2026-02-25,1.675,8759858,0.0,-0.06925373134328361
2026-02-26,1.699,7972492,0.0,-0.06650971159505592
2026-02-27,1.685,7130868,0.0,-0.058753709198813064
2026-03-02,1.655,7357658,0.0,-0.06102719033232629
2026-03-03,1.559,13466369,1.0,0.02309172546504179
2026-03-04,1.559,9872894,0.0,0.011545862732520895
2026-03-05,1.586,9219535,0.0,-0.01954602774274916
2026-03-06,1.586,5632987,0.0,-0.02648171500630514
2026-03-09,1.554,9810226,0.0,0.014800514800514808
2026-03-10,1.595,7886920,0.0,-0.03824451410658303
2026-03-11,1.577,7266902,0.0,-0.005707038681039833
2026-03-12,1.555,7211408,0.0,-0.018006430868167222
2026-03-13,1.544,6808668,0.0,-0.027849740932642586
2026-03-16,1.577,10626386,0.0,-0.09638554216867468
2026-03-17,1.534,7716086,0.0,-0.05410691003911339
2026-03-18,1.568,8549739,0.0,-0.04974489795918369
2026-03-19,1.527,9605428,0.0,-0.048461034708578765
2026-03-20,1.501,8226739,0.0,-0.021985343104596877
2026-03-23,1.425,11882615,1.0,0.02947368421052632
2026-03-24,1.451,9107577,0.0,-0.024810475534114418
2026-03-25,1.49,10158227,0.0,-0.021476510067114152
2026-03-26,1.453,6597208,0.0,-0.027529249827942248
2026-03-27,1.468,6244796,0.0,-0.03746594005449588
2026-03-30,1.467,6281802,0.0,-0.020449897750511314
2026-03-31,1.415,8498198,0.0,0.08197879858657231
2026-04-01,1.458,8851075,1.0,0.05075445816186552
2026-04-02,1.413,7711924,0.0,0.10474168435951858
2026-04-03,1.413,5175092,0.0,0.10828025477707004
2026-04-07,1.437,6988137,0.0,0.1189979123173277
2026-04-08,1.531,10290859,0.0,0.04376224689745278
2026-04-09,1.532,8052903,0.0,0.05744125326370764
2026-04-10,1.561,7789697,0.0,0.04292120435618196
2026-04-13,1.566,6822983,0.0,0.05555555555555558
2026-04-14,1.608,8288641,0.0,0.016791044776119257
2026-04-15,1.598,7797838,0.0,0.04943679599499373
2026-04-16,1.62,6878260,0.0,0.01728395061728394
2026-04-17,1.628,6187051,0.0,0.030098280098280306
2026-04-20,1.653,6837801,0.0,0.06170598911070768
2026-04-21,1.635,6632696,0.0,0.061162079510703515
2026-04-22,1.677,10113763,0.0,0.032796660703637404
2026-04-23,1.648,9387023,0.0,0.10254854368932032
2026-04-24,1.677,11744618,0.0,0.14072748956469883
2026-04-27,1.755,12107589,0.0,0.11054131054131067
2026-04-28,1.735,7513621,-1.0,0.09625360230547542
2026-04-29,1.732,8347152,0.0,0.16512702078521935
2026-04-30,1.817,12900460,0.0,0.11447440836543743
2026-05-06,1.913,10695165,0.0,0.09147935180345002
2026-05-07,1.949,8124786,0.0,0.048229861467419255
2026-05-08,1.902,8513916,0.0,0.06992639327024208
2026-05-11,2.018,10805356,0.0,0.019821605550049526
2026-05-12,2.025,9173728,0.0,0.05234567901234555
2026-05-13,2.088,9688554,0.0,0.06657088122605348
2026-05-14,2.043,8772967,0.0,0.043563387175721946
2026-05-15,2.035,13675723,0.0,0.07567567567567557
2026-05-18,2.058,8870419,0.0,0.14091350826044713
2026-05-19,2.131,12149503,0.0,0.08916001877053037
2026-05-20,2.227,9620483,0.0,0.017063313875168573
2026-05-21,2.132,11650602,0.0,0.075984990619137
2026-05-22,2.189,9662449,0.0,-0.013248058474189084
2026-05-25,2.348,10541575,0.0,-0.1286201022146508
2026-05-26,2.321,11334558,0.0,-0.10383455407152098
2026-05-27,2.265,11467473,0.0,-0.050772626931567366
2026-05-28,2.294,9537105,0.0,-0.04402789886660852
2026-05-29,2.16,11405394,0.0,-0.03194444444444444
2026-06-01,2.046,11178345,0.0,
2026-06-02,2.08,9394950,0.0,
2026-06-03,2.15,9635151,0.0,
2026-06-04,2.193,6711546,0.0,
2026-06-05,2.091,7219129,0.0,
