date,close,volume,volume_ratio_5,future_return_5d
2023-10-16,0.417,11347304,,-0.05755395683453235
2023-10-17,0.415,11588350,,-0.04819277108433728
2023-10-18,0.407,12118027,,-0.04422604422604415
2023-10-19,0.403,11341539,,-0.027295285359801524
2023-10-20,0.397,15339523,1.2423736015228897,0.025188916876574208
2023-10-23,0.393,14132658,1.0952136355281672,0.06870229007633588
2023-10-24,0.395,13261741,1.0017406092877295,0.05569620253164542
2023-10-25,0.389,29520455,1.7656637077820885,0.06426735218508983
2023-10-26,0.392,11866093,0.70530353670159,0.04591836734693877
2023-10-27,0.407,27052592,1.4114365535431181,0.019656019656019597
2023-10-30,0.42,26383431,1.2205023334006142,0.011904761904761862
2023-10-31,0.417,11972367,0.5605306405065753,0.016786570743405393
2023-11-01,0.414,11468828,0.6461798568683109,0.03140096618357502
2023-11-02,0.41,9275314,0.5383076843289992,0.029268292682926855
2023-11-03,0.415,11717739,0.8273173567295251,0.014457831325301207
2023-11-06,0.425,16477717,1.3525845866243191,-0.018823529411764683
2023-11-07,0.424,10401978,0.8764494222398138,-0.009433962264150941
2023-11-08,0.427,15635011,1.2309528194814747,-0.011709601873536313
2023-11-09,0.422,8930549,0.7069447182950194,-0.016587677725118488
2023-11-10,0.421,7003154,0.5990885055570974,-0.009501187648456089
2023-11-13,0.417,9557436,0.9273998853597011,0.00959232613908867
2023-11-14,0.42,7490564,0.7703692191125875,-0.0023809523809523725
2023-11-15,0.422,8699818,1.0436061102472725,-0.018957345971563955
2023-11-16,0.415,9211639,1.097600790379798,0.0
2023-11-17,0.417,8936811,1.0179465598305533,-0.00959232613908878
2023-11-20,0.421,9042693,1.042228575413151,-0.026128266033254133
2023-11-21,0.419,9136462,1.0145441812204088,-0.004773269689737458
2023-11-22,0.414,8150575,0.9162442123306305,-0.0024154589371980784
2023-11-23,0.415,8328386,0.955201278350575,-0.002409638554216831
2023-11-24,0.413,8000497,0.9377352470414357,0.004842615012106588
2023-11-27,0.41,8066099,0.9675753710490848,-0.019512195121951126
2023-11-28,0.417,10302524,1.202215333750886,-0.050359712230215736
2023-11-29,0.413,8579232,0.9912059453279497,-0.03874092009685215
2023-11-30,0.414,8800103,1.0057615748944735,-0.04347826086956508
2023-12-01,0.415,9380669,1.0393257698710843,-0.036144578313252906
2023-12-04,0.402,15928720,1.502957620473479,0.0
2023-12-05,0.396,15455674,1.329076792574239,0.007575757575757569
2023-12-06,0.397,9610417,0.8120255443871166,-0.007556675062972307
2023-12-07,0.396,9943029,0.8242104426022864,-0.010101010101010055
2023-12-08,0.4,10939363,0.8839574568359206,-0.02749999999999997
2023-12-11,0.402,9692851,0.8710117374252745,-0.02985074626865669
2023-12-12,0.399,8738609,0.8930750707792895,-0.03258145363408527
2023-12-13,0.394,10393554,1.0454733847909907,-0.022842639593908642
2023-12-14,0.392,11218545,1.1002257775652795,-0.017857142857142905
2023-12-15,0.389,14393148,1.322007593148498,-0.020565552699228773
2023-12-18,0.39,12454301,1.0886977529713064,-0.015384615384615441
2023-12-19,0.386,11388009,0.9514180336550746,-0.020725388601036232
2023-12-20,0.385,7694540,0.6732052643931797,-0.012987012987012991
2023-12-21,0.385,12820626,1.0911055174494826,0.01558441558441559
2023-12-22,0.381,12514140,1.100209637088561,0.026246719160105014
2023-12-25,0.384,6492188,0.6376204458330698,0.005208333333333259
2023-12-26,0.378,9843876,0.9970426637134493,0.015873015873015817
2023-12-27,0.38,8716864,0.8649794531180569,0.0
2023-12-28,0.391,16248634,1.5096554905109292,-0.04603580562659848
2023-12-29,0.391,10767765,1.0339835004973272,-0.05882352941176472
2024-01-02,0.386,8782547,0.8078180400085461,-0.04663212435233166
2024-01-03,0.384,7110760,0.6886725188212194,-0.03645833333333337
2024-01-04,0.38,10031065,0.947385617032287,-0.013157894736842146
2024-01-05,0.373,12537591,1.2733760178402773,-0.008042895442359255
2024-01-08,0.368,9669061,1.0044520349286563,0.0027173913043478937
2024-01-09,0.368,10234424,1.0320517551000092,0.0027173913043478937
2024-01-10,0.37,9802620,0.9376054344849134,-0.02972972972972976
2024-01-11,0.375,11274764,1.0533528057421682,-0.034666666666666734
2024-01-12,0.37,7612587,0.7832934335849667,-0.024324324324324298
2024-01-15,0.369,7080374,0.7695260897843004,-0.05962059620596216
2024-01-16,0.369,10962534,1.1728930717065387,-0.04878048780487809
2024-01-17,0.359,10677830,1.1214302258593072,-0.00835654596100277
2024-01-18,0.362,14182972,1.40380162861106,-0.0055248618784530246
2024-01-19,0.361,10308375,0.9686122052913356,-0.04432132963988922
2024-01-22,0.347,15109466,1.233603495243078,-0.02881844380403442
2024-01-23,0.351,12251933,0.9796753671355914,-0.05982905982905973
2024-01-24,0.356,12661050,0.9812668595721759,-0.09550561797752799
2024-01-25,0.36,13826048,1.077518866568183,-0.09722222222222221
2024-01-26,0.345,20639224,1.385411160585783,-0.09275362318840574
2024-01-29,0.337,15616055,1.0411493218618852,-0.06231454005934722
2024-01-30,0.33,11356331,0.7662975041346201,0.027272727272727337
2024-01-31,0.322,14210629,0.9392564963169622,0.09316770186335388
2024-02-01,0.325,12616534,0.8474437105512204,0.07692307692307687
2024-02-02,0.313,17310174,1.2171453684329498,0.10543130990415328
2024-02-05,0.316,19843928,1.3170003460158193,0.10443037974683533
2024-02-06,0.339,20307291,1.2046291907053195,0.041297935103244754
2024-02-07,0.352,18912399,1.0626098279491638,-0.0028409090909090606
2024-02-08,0.35,13798792,0.7651323377846198,0.0
2024-02-19,0.346,13127986,0.7633402455781225,0.020231213872832443
2024-02-20,0.349,8820869,0.5883141480669107,0.02005730659025784
2024-02-21,0.353,13692539,1.001610912008668,-0.005665722379603388
2024-02-22,0.351,10992113,0.9094567956118962,0.019943019943019946
2024-02-23,0.35,8497680,0.770678128152764,0.017142857142857126
2024-02-26,0.353,11204513,1.0529030621386966,0.028328611898017053
2024-02-27,0.356,11795290,1.0497367179086377,0.008426966292134797
2024-02-28,0.351,17421484,1.453945079941807,0.02279202279202286
2024-02-29,0.358,11845732,0.9747215237583913,-0.03631284916201116
2024-03-01,0.356,10892774,0.8623186906264877,-0.030898876404494402
2024-03-04,0.363,15536047,1.1509661826622553,-0.019283746556473802
2024-03-05,0.359,10255927,0.7775300671864752,0.008356545961002881
2024-03-06,0.359,9393535,0.8108497831167263,-0.0027855153203342198
2024-03-07,0.345,17731447,1.389399939476315,0.04057971014492767
2024-03-08,0.345,9702560,0.7747233306626005,0.034782608695652195
2024-03-11,0.356,16158862,1.2775352951490673,0.016853932584269593
2024-03-12,0.362,16082014,1.1642089442384507,-0.011049723756906049
2024-03-13,0.358,8829855,0.6444703868511985,-0.0027932960893854997
2024-03-14,0.359,13961221,1.0783445003802608,-0.01671309192200554
2024-03-15,0.357,9641877,0.7454233922039779,-0.03081232492997199
2024-03-18,0.362,10605215,0.896920023013461,-0.05248618784530379
2024-03-19,0.358,7049680,0.7037315717776496,-0.05027932960893844
2024-03-20,0.357,8732360,0.8734045146670599,-0.05882352941176461
2024-03-21,0.353,8512576,0.9555735940795086,-0.050991501416430496
2024-03-22,0.346,11146769,1.2103791593733304,-0.03179190751445071
2024-03-25,0.343,8126570,0.9326315637261378,-0.008746355685131157
2024-03-26,0.34,11264997,1.1787594830257753,-0.0117647058823529
2024-03-27,0.336,10342395,1.0469429592960844,-0.005952380952380931
2024-03-28,0.335,12630575,1.1801781664607476,-0.032835820895522394
2024-03-29,0.335,7470812,0.7495494814333495,-0.011940298507462699
2024-04-01,0.34,10347019,0.9938392453420847,-0.044117647058823595
2024-04-02,0.336,8060407,0.8249956684796822,-0.038690476190476275
2024-04-03,0.334,7249173,0.7921210736853672,-0.041916167664670656
2024-04-08,0.324,12859132,1.3981407560903198,-0.012345679012345734
2024-04-09,0.331,11973907,1.1857786542260413,-0.05438066465256797
2024-04-10,0.325,8158012,0.8445036670431905,-0.024615384615384595
2024-04-11,0.323,11871591,1.1390498488682461,-0.01547987616099078
2024-04-12,0.32,9712310,0.8898138838491328,-0.021874999999999978
2024-04-15,0.32,10944312,1.0391458950387742,-0.009375000000000022
2024-04-16,0.313,13348612,1.2351857376751223,0.022364217252396124
2024-04-17,0.317,12383083,1.0627448124360237,0.009463722397476282
2024-04-18,0.318,11228377,0.9744030957416612,0.012578616352201255
2024-04-19,0.313,10672271,0.9109662373175799,0.0543130990415337
2024-04-22,0.317,8642995,0.767920309958867,0.0725552050473186
2024-04-23,0.32,13834781,1.218676329365251,0.050000000000000044
2024-04-24,0.32,9574970,0.8873371339715903,0.08749999999999991
2024-04-25,0.322,10833923,1.0114019246833488,0.08074534161490665
2024-04-26,0.33,16451568,1.3862535214856484,0.045454545454545414
2024-04-29,0.34,16875300,1.2487172294696112,0.0235294117647058
2024-04-30,0.336,10459092,0.8146363385239,0.02678571428571419
2024-05-06,0.348,16593118,1.1650343172590074,-0.011494252873563204
2024-05-07,0.348,10068269,0.7145953274862146,0.0
2024-05-08,0.345,11811487,0.8974303080757071,-0.014492753623188248
2024-05-09,0.348,11411747,0.945562216232866,-0.02011494252873547
2024-05-10,0.345,11116889,0.9111978539547627,-0.014492753623188248
2024-05-13,0.344,10289532,0.9405779276010547,-0.005813953488371992
2024-05-14,0.348,11484362,1.0233059950065595,-0.028735632183907955
2024-05-15,0.34,9994992,0.920391173652455,-0.008823529411764675
2024-05-16,0.341,9201178,0.8832517041263673,-0.02346041055718473
2024-05-17,0.34,9576393,0.9472862756730902,-0.032352941176470584
2024-05-20,0.342,9881123,0.985391673006496,-0.040935672514619936
2024-05-21,0.338,7890255,0.8476135486679137,-0.03846153846153855
2024-05-22,0.337,11967049,1.233309577595415,-0.035608308605341255
2024-05-23,0.333,11020723,1.0947257487616653,-0.024024024024024038
2024-05-24,0.329,10513602,1.025262111930329,-0.015197568389057725
2024-05-27,0.328,12235620,1.1408025050846817,-0.021341463414634165
2024-05-28,0.325,10671588,0.9459188319961668,0.006153846153846176
2024-05-29,0.325,8897743,0.8340704699478861,0.003076923076922977
2024-05-30,0.325,7337376,0.7388217427167659,-0.012307692307692353
2024-05-31,0.324,9850135,1.005270463852174,-0.012345679012345734
2024-06-03,0.321,10175318,1.0840453539747585,0.0031152647975078995
2024-06-04,0.327,11024153,1.1657203251155632,-0.00917431192660556
2024-06-05,0.326,10949069,1.1096418114210236,-0.018404907975460127
2024-06-06,0.321,12426095,1.1415845211656384,-0.009345794392523366
2024-06-07,0.32,10824940,0.9769876393456087,-0.015625
2024-06-11,0.322,10706947,0.9571532735107937,-0.02795031055900621
2024-06-12,0.324,11954377,1.0511850845532758,-0.04629629629629639
2024-06-13,0.32,9403408,0.8499753786293879,-0.046875
2024-06-14,0.318,16501027,1.3891928599796408,-0.04088050314465408
2024-06-17,0.315,7528481,0.6710565113280793,-0.04444444444444451
2024-06-18,0.313,15012314,1.242749311266214,-0.04472843450479236
2024-06-19,0.309,11773105,0.977534915238025,-0.012944983818770184
2024-06-20,0.305,14648692,1.1188422076084732,-0.016393442622950838
2024-06-21,0.305,12379788,1.0090730095571774,-0.02622950819672132
2024-06-24,0.301,12428162,0.9380869052368405,-0.013289036544850474
2024-06-25,0.299,15690564,1.1723319695869316,-0.02006688963210701
2024-06-26,0.305,12645010,0.9326299349766056,-0.049180327868852514
2024-06-27,0.3,9930411,0.7872040170000493,-0.053333333333333344
2024-06-28,0.297,14727440,1.1255795430337083,-0.01683501683501687
2024-07-01,0.297,13947786,1.0417936717637213,-0.047138047138047146
2024-07-02,0.293,13962750,1.0705430664806497,-0.027303754266211677
2024-07-03,0.29,15669089,1.1481292918864703,-0.017241379310344862
2024-07-04,0.284,14321196,0.9859244736701048,0.03873239436619724
2024-07-05,0.292,19561055,1.262624661969199,0.010273972602739656
2024-07-08,0.283,14620159,0.9355794153726363,0.021201413427561766
2024-07-09,0.285,16646904,1.0298956290932897,0.01403508771929829
2024-07-10,0.285,11307287,0.7394578657766908,0.038596491228070295
2024-07-11,0.295,21317878,1.2772342341522982,0.016949152542372836
2024-07-12,0.295,12456761,0.8157777308616359,0.016949152542372836
2024-07-15,0.289,10529567,0.7286050782444011,0.04498269896193774
2024-07-16,0.289,8918259,0.6910191596583232,0.01038062283737018
2024-07-17,0.296,17785324,1.2523502175233199,-0.027027027027027084
2024-07-18,0.3,17514119,1.3030557096055102,-0.033333333333333326
2024-07-19,0.3,12662914,0.9392434077800976,-0.030000000000000027
2024-07-22,0.302,12794754,0.9181690746672748,-0.052980132450331174
2024-07-23,0.292,15752352,1.0294381493698368,-0.023972602739726012
2024-07-24,0.288,12483948,0.8765821780888454,0.04166666666666674
2024-07-25,0.29,10592460,0.8238488534469516,0.024137931034482696
2024-07-26,0.291,10187091,0.824056891208232,0.030927835051546504
2024-07-29,0.286,11325788,0.9384720226111193,0.045454545454545414
2024-07-30,0.285,12312285,1.0818932208059207,0.07017543859649122
2024-07-31,0.3,25451439,1.821366847298353,0.006666666666666599
2024-08-01,0.297,13835135,0.9461637336538218,0.01683501683501687
2024-08-02,0.3,21606241,1.2780086375053814,-0.013333333333333308
2024-08-05,0.299,18848954,1.0237981479881375,-0.0033444816053511683
2024-08-06,0.305,15205092,0.8007158867526963,-0.029508196721311553
2024-08-07,0.302,11636695,0.7171447898986785,-0.036423841059602724
2024-08-08,0.302,10991022,0.7019608010443081,-0.0298013245033113
2024-08-09,0.296,15064268,1.0498328471995895,-0.013513513513513487
2024-08-12,0.298,9682109,0.7735886018076362,-0.030201342281879207
2024-08-13,0.296,10507869,0.9076980509455078,-0.04054054054054057
2024-08-14,0.291,9436062,0.8473272818734754,-0.03436426116838476
2024-08-15,0.293,12758984,1.1104561567094682,-0.05802047781569952
2024-08-16,0.292,13864146,1.232386717884015,-0.06164383561643827
2024-08-19,0.289,12588653,1.0640267988313012,-0.0622837370242213
2024-08-20,0.284,16783121,1.282505977368575,-0.04929577464788715
2024-08-21,0.281,11747206,0.8670534472575477,-0.03558718861209964
2024-08-22,0.276,17427790,1.2033952173730271,0.0
2024-08-23,0.274,11439876,0.8172899155647494,0.025547445255474477
2024-08-26,0.271,15646550,1.0710279890449859,0.0036900369003689537
2024-08-27,0.27,9842030,0.74444145519057,0.014814814814814836
2024-08-28,0.271,9232491,0.7259533240925983,0.022140221402213944
2024-08-29,0.276,15720007,1.2701813711533922,0.010869565217391353
2024-08-30,0.281,21499518,1.4942549266619922,-0.02135231316725983
2024-09-02,0.272,14611275,1.030336989800808,0.011029411764705843
2024-09-03,0.274,11711732,0.8046532668220524,0.0
2024-09-04,0.277,12542912,0.8242648883011052,-0.0072202166064981865
2024-09-05,0.279,11429578,0.795986880147598,-0.021505376344086002
2024-09-06,0.275,8877164,0.750106877904308,-0.018181818181818188
2024-09-09,0.275,11798914,1.0467398150826024,-0.021818181818181848
2024-09-10,0.274,11257640,1.0068327295601949,-0.0036496350364964014
2024-09-11,0.275,9657787,0.9107496917782687,-0.014545454545454528
2024-09-12,0.273,9188715,0.9047533665667459,-0.014652014652014711
2024-09-13,0.27,7834030,0.7875441275349344,0.03333333333333344
2024-09-18,0.269,10938900,1.1190216140606786,0.048327137546468224
2024-09-19,0.273,14857307,1.4156088281324035,0.08424908424908417
2024-09-20,0.271,11682843,1.0717851586356009,0.18081180811808117
2024-09-23,0.269,14988038,1.2427661788957214,0.3085501858736057
2024-09-24,0.279,28499852,1.7599684513209959,0.38709677419354827
2024-09-25,0.282,28249220,1.4372205737115584,0.28368794326241153
2024-09-26,0.296,36877637,1.5327670737210946,0.21621621621621623
2024-09-27,0.32,36151825,1.248624751575937,0.0625
2024-09-30,0.352,56056665,1.5082359343560099,-0.025568181818181657
2024-10-08,0.387,41958933,1.0526878393097885,-0.1421188630490956
2024-10-09,0.362,63999215,1.3614289265288422,-0.0966850828729281
2024-10-10,0.36,37162784,0.7895906870497477,-0.09999999999999998
2024-10-11,0.34,41892464,0.8688856639066432,0.0
2024-10-14,0.343,27233088,0.6415439136320393,-0.008746355685131157
2024-10-15,0.332,21475679,0.5599529951597082,0.036144578313252795
2024-10-16,0.327,20165000,0.6815769036250259,0.05504587155963292
2024-10-17,0.324,17453940,0.6806237998231963,0.04938271604938271
2024-10-18,0.34,36351535,1.4815682917245283,0.03823529411764692
2024-10-21,0.34,26865438,1.098237606129761,0.04999999999999982
2024-10-22,0.344,22384027,0.9082956459806749,0.011627906976744207
2024-10-23,0.345,25647701,0.9963937336763742,-0.005797101449275255
2024-10-24,0.34,15355514,0.606437708254816,0.002941176470588225
2024-10-25,0.353,34760904,1.3902850749403362,-0.048158640226628746
2024-10-28,0.357,23199792,0.9559203222719779,-0.04481792717086819
2024-10-29,0.348,27669027,1.0924893411222916,0.011494252873563315
2024-10-30,0.343,20327295,0.8378068887392442,0.023323615160349753
2024-10-31,0.341,17137793,0.6961216667370325,0.07038123167155419
2024-11-01,0.336,21406678,0.9753309589155188,0.0803571428571428
2024-11-04,0.341,20384275,0.9532037426433995,0.08211143695014655
2024-11-05,0.352,28742951,1.330704595835487,0.0625
2024-11-06,0.351,24056411,1.0765603853239867,0.04843304843304841
2024-11-07,0.365,28821561,1.167698034182707,-0.024657534246575352
2024-11-08,0.363,28655599,1.0965645265427242,-0.0440771349862259
2024-11-11,0.369,23361047,0.8740448952644446,-0.07317073170731703
2024-11-12,0.374,37578997,1.3188054854928752,-0.07219251336898402
2024-11-13,0.368,23082186,0.815628463133304,-0.03804347826086962
2024-11-14,0.356,19988671,0.7533428182698721,-0.016853932584269704
2024-11-15,0.347,20691660,0.8296405396197116,-0.03458213256484133
2024-11-18,0.342,19938367,0.8219981267956554,-0.023391812865497075
2024-11-19,0.347,17704719,0.8729655204555117,-0.040345821325648346
2024-11-20,0.354,24926695,1.2071025646926175,-0.04237288135593209
2024-11-21,0.35,19505329,0.9490095387837917,-0.042857142857142705
2024-11-22,0.335,25879831,1.1986404123920553,0.017910447761193993
2024-11-25,0.334,15411230,0.7450235528543175,0.03892215568862256
2024-11-26,0.333,11765393,0.6034247965180048,0.04204204204204198
2024-11-27,0.339,15438556,0.877187302653459,0.005899705014749346
2024-11-28,0.335,13123878,0.8039730950512337,0.017910447761193993
2024-11-29,0.341,18748208,1.258484118056959,0.032258064516129004
2024-12-02,0.347,17209734,1.127978011206782,0.01729106628242083
2024-12-03,0.347,13189969,0.8486623627780832,0.020172910662824117
2024-12-04,0.341,13511253,0.8914430355012669,0.04105571847507328
2024-12-05,0.341,9418919,0.6533830124200168,0.04985337243401755
2024-12-06,0.352,26312520,1.651916670763103,-0.011363636363636354
2024-12-09,0.353,17803399,1.1094387610757557,-0.025495750708215303
2024-12-10,0.354,24124091,1.3230252737676889,-0.039548022598869914
2024-12-11,0.355,11199795,0.6302023310620576,-0.039436619718309696
2024-12-12,0.358,21180726,1.0525051790871587,-0.05586592178770944
2024-12-13,0.348,17489333,0.952605611334463,-0.028735632183907955
2024-12-16,0.344,11089135,0.6516651136747753,-0.026162790697674243
2024-12-17,0.34,12515570,0.8516941217707751,-0.00588235294117645
2024-12-18,0.341,9287356,0.6489016815041254,-0.014662756598240456
2024-12-19,0.338,12487172,0.9931172917161813,-0.01183431952662728
2024-12-20,0.338,8506807,0.7893331000014104,-0.00887573964497046
2024-12-23,0.335,13643750,1.208681047376222,-0.005970149253731294
2024-12-24,0.338,10574229,0.9701249634077962,-0.03254437869822491
2024-12-25,0.336,15355607,1.267642755656431,-0.05059523809523814
2024-12-26,0.334,10014585,0.8619148629335913,-0.05688622754491024
2024-12-27,0.335,11844823,0.9640440933092077,-0.059701492537313494
2024-12-30,0.333,14193621,1.1449632894510442,-0.06006006006006015
2024-12-31,0.327,18720793,1.3347316003385683,-0.05504587155963303
2025-01-02,0.319,23561150,1.5038717317726238,-0.034482758620689724
2025-01-03,0.315,14352613,0.8680350900535846,-0.03492063492063491
2025-01-06,0.315,13477705,0.7993336099609278,-0.031746031746031744
2025-01-07,0.313,16362291,0.9460754997609009,0.006389776357827559
2025-01-08,0.309,15948571,0.9526957612768964,0.003236245954692629
2025-01-09,0.308,9955686,0.7101377399668625,0.009740259740259827
2025-01-10,0.304,12398198,0.9097264493758818,0.023026315789473673
2025-01-13,0.305,12065317,0.9040390835536901,0.029508196721311553
2025-01-14,0.315,18079068,1.320664913091678,-0.006349206349206327
2025-01-15,0.31,11065690,0.8704374439609716,0.0
2025-01-16,0.311,15466364,1.1195400129283344,-0.003215434083601254
2025-01-17,0.311,11958590,0.8711725028920727,0.003215434083601254
2025-01-20,0.314,14676581,1.0299890971169545,-0.009554140127388533
2025-01-21,0.313,11050745,0.8604090879858083,0.0
2025-01-22,0.31,10692988,0.8374142935698853,0.029032258064516148
2025-01-23,0.31,11708927,0.974317661757503,0.058064516129032295
2025-01-24,0.312,11580024,0.9697007658694174,0.08012820512820529
2025-01-27,0.311,9691158,0.8854603081413764,0.07073954983922826
2025-02-05,0.313,10816955,0.9925623671638265,0.06709265175718859
2025-02-06,0.319,18528236,1.4864137035842586,0.043887147335423204
2025-02-07,0.328,26851015,1.7330528170124957,0.06402439024390238
2025-02-10,0.337,27793043,1.4833967896830338,0.053412462908011715
2025-02-11,0.333,17492718,0.8618633692821505,0.03603603603603589
2025-02-12,0.334,13660910,0.654722706404646,0.04491017964071853
2025-02-13,0.333,15714741,0.7740304051640889,0.08108108108108092
2025-02-14,0.349,41665710,1.7908854480213137,0.04297994269340988
2025-02-17,0.355,38786765,1.5231899106795113,0.0028169014084507005
2025-02-18,0.345,29033430,1.0454092131878459,0.011594202898550732
2025-02-19,0.349,21455671,0.7314949481514663,0.011461318051575908
2025-02-20,0.36,37612620,1.115742618475069,-0.025000000000000022
2025-02-21,0.364,29517522,0.943618546929476,-0.060439560439560336
2025-02-24,0.356,29055542,0.9904750158658832,-0.028089887640449507
2025-02-25,0.349,22798402,0.8116790603674998,0.0
2025-02-26,0.353,21853348,0.7758359187373436,-0.022662889518413665
2025-02-27,0.351,19658428,0.799882379405322,0.005698005698005604
2025-02-28,0.342,22352338,0.9658102800169701,0.01754385964912264
2025-03-03,0.346,19294990,0.9105060475847743,0.011560693641618602
2025-03-04,0.349,15543369,0.7873849827450625,0.002865329512893977
2025-03-05,0.345,16291494,0.8745644046020351,0.0028985507246377384
2025-03-06,0.353,25769048,1.2981726102179942,-0.02832861189801683
2025-03-07,0.348,19162375,0.9974037300941121,0.011494252873563315
2025-03-10,0.35,22064726,1.1162855440557464,0.0028571428571428914
2025-03-11,0.35,15290239,0.7755410589973926,0.020000000000000018
2025-03-12,0.346,14843881,0.7641223046545871,0.026011560693641744
2025-03-13,0.343,15850973,0.9087589861573715,0.020408163265305923
2025-03-14,0.352,24867772,1.338162759729748,-0.025568181818181657
2025-03-17,0.351,17426255,0.9869975482311106,-0.031339031339031265
2025-03-18,0.357,22165901,1.1647286943498016,-0.04481792717086819
2025-03-19,0.355,13456068,0.7175270856840856,-0.042253521126760396
2025-03-20,0.35,15626094,0.8352440062008449,-0.017142857142857126
2025-03-21,0.343,19562564,1.1085253443112373,-0.005830903790087438
2025-03-24,0.34,18113176,1.0184661130608639,-0.0117647058823529
2025-03-25,0.341,12012523,0.7625021065964795,0.008797653958944052
2025-03-26,0.34,12922287,0.8258461981063502,0.00588235294117645
2025-03-27,0.344,17604679,1.0973401945907304,-0.02034883720930214
2025-03-28,0.341,16986751,1.093951492370834,-0.1055718475073315
2025-03-31,0.336,17889607,1.1554228038091476,-0.08333333333333337
2025-04-01,0.344,26322071,1.434830070778109,-0.10174418604651159
2025-04-02,0.342,12484090,0.6837809831779479,-0.07894736842105265
2025-04-03,0.337,20237617,1.0773843534468477,-0.06528189910979232
2025-04-07,0.305,44033982,1.820076897267674,0.0360655737704918
2025-04-08,0.308,22994363,0.9119527161448688,0.01948051948051943
2025-04-09,0.309,27783005,1.0892471980813572,0.003236245954692629
2025-04-10,0.315,23220375,0.8396790880801328,-0.012698412698412764
2025-04-11,0.315,18849365,0.688530643641134,-0.015873015873015928
2025-04-14,0.316,15804645,0.7273074093889677,-0.009493670886076
2025-04-15,0.314,12190635,0.6229372028714938,-0.0031847133757961776
2025-04-16,0.31,19329055,1.081114995596744,0.00967741935483879
2025-04-17,0.311,12150077,0.7756314535240045,0.006430868167202508
2025-04-18,0.31,13340465,0.916053528456829,0.012903225806451646
2025-04-21,0.313,15690693,1.0791260908991185,-0.006389776357827448
2025-04-22,0.313,18260436,1.1590877047394486,0.006389776357827559
2025-04-23,0.313,23398603,1.4122721878008273,0.012779552715654896
2025-04-24,0.313,15280863,0.8887213325042171,0.028753993610223683
2025-04-25,0.314,23453194,1.2204553049006008,0.022292993630573354
2025-04-28,0.311,13911683,0.7375916230077799,0.03536977491961424
2025-04-29,0.315,17465729,0.9338956021764159,0.015873015873015817
2025-04-30,0.317,12102200,0.7360211596930433,0.012618296529968376
2025-05-06,0.322,14768553,0.9038131789215403,0.012422360248447228
2025-05-07,0.321,15580638,1.0551869573179997,0.01869158878504673
2025-05-08,0.322,9963817,0.7129138093840957,0.006211180124223503
2025-05-09,0.32,8071748,0.6672304686650127,0.006250000000000089
2025-05-12,0.321,13679898,1.1020683366735597,0.0
2025-05-13,0.326,20797955,1.5271490803837564,-0.0030674846625766694
2025-05-14,0.327,13307597,1.0108927217242092,-0.003058103975535187
2025-05-15,0.324,11213563,0.8359501840153566,0.0
2025-05-16,0.322,10279946,0.7419241100317341,0.012422360248447228
2025-05-19,0.321,14283840,1.0219839041885226,0.006230529595015577
2025-05-20,0.325,14864959,1.1622346428817993,-0.003076923076923088
2025-05-21,0.326,13256123,1.0372807901965544,-0.012269938650306789
2025-05-22,0.324,13304413,1.0080737961063708,0.015432098765432167
2025-05-23,0.326,29973246,1.7490863166225117,0.006134969325153339
2025-05-26,0.323,14504983,0.8442581022447874,0.02786377708978338
2025-05-27,0.324,12855782,0.7661869847154668,0.030864197530864335
2025-05-28,0.322,10006753,0.6204185651424635,0.034161490683229934
2025-05-29,0.329,20306358,1.1584155609809985,0.003039513677811634
2025-05-30,0.328,14999469,1.0319787124151227,0.021341463414634054
2025-06-03,0.332,14765433,1.0122490540907683,0.006024096385542244
2025-06-04,0.334,12488518,0.8604874608102736,0.0
2025-06-05,0.333,12383489,0.8261908971755928,0.009009009009008917
2025-06-06,0.33,11081824,0.8431252014551164,0.003030303030302939
2025-06-09,0.335,17586836,1.2873547164894497,-0.017910447761193993
2025-06-10,0.334,18082409,1.2623312212952151,-0.020958083832335328
2025-06-11,0.334,14667182,0.993688089196813,-0.029940119760479056
2025-06-12,0.336,13510013,0.9015298285837771,-0.04761904761904767
2025-06-13,0.331,17798641,1.090000817073107,-0.03625377643504535
2025-06-16,0.329,13982137,0.8958270475918481,-0.024316109422492405
2025-06-17,0.327,17030884,1.1060616213590493,-0.00917431192660556
2025-06-18,0.324,13678366,0.8998920145319396,0.012345679012345734
2025-06-19,0.32,18433223,1.1389324311748177,0.015625
2025-06-20,0.319,10090039,0.6890724150026315,0.021943573667711602
2025-06-23,0.321,16961985,1.113071525362258,0.031152647975077885
2025-06-24,0.324,12122043,0.8502441921836281,0.0277777777777779
2025-06-25,0.328,18521702,1.2164683593866579,0.009146341463414531
2025-06-26,0.325,15206873,1.0429576063923718,0.021538461538461506
2025-06-27,0.326,21143390,1.2591948022102484,0.01840490797546024
2025-06-30,0.331,18318085,1.0735925210509136,-0.0060422960725075026
2025-07-01,0.333,14546928,0.8290078101390727,-0.0030030030030030463
2025-07-02,0.331,12014916,0.7395597439927263,0.0060422960725075026
2025-07-03,0.332,10730108,0.6989986258203168,0.009036144578313365
2025-07-04,0.332,12563017,0.9214063521343785,0.027108433734939874
2025-07-07,0.329,12497846,1.0021877921630322,0.033434650455927084
2025-07-08,0.332,13071421,1.0735873044846203,0.02108433734939763
2025-07-09,0.333,16291018,1.2502045556786667,0.02402402402402415
2025-07-10,0.335,15720184,1.1205733344932416,0.02985074626865658
2025-07-11,0.341,27515552,1.616735522804292,0.020527859237536417
2025-07-14,0.34,14652550,0.8396807017935954,0.0235294117647058
2025-07-15,0.339,16147099,0.8938194405903664,0.032448377581120846
2025-07-16,0.341,12476651,0.7210933632402318,0.038123167155425186
2025-07-17,0.345,16793223,0.9586806313746948,0.05507246376811592
2025-07-18,0.348,15258628,1.012810469753864,0.054597701149425415
2025-07-21,0.348,16690948,1.0786928081799279,0.05747126436781613
2025-07-22,0.35,20674243,1.2622610021995222,0.07714285714285718
2025-07-23,0.354,29639972,1.4961066765045028,0.05932203389830515
2025-07-24,0.364,31417983,1.3818390536375689,0.013736263736263687
2025-07-25,0.367,32140248,1.2308292169549453,0.0
2025-07-28,0.368,18961215,0.7137202595056084,-0.0027173913043477826
2025-07-29,0.377,30948256,1.0812926775680807,-0.023872679045092826
2025-07-30,0.375,31055684,1.0744172572873432,-0.01866666666666672
2025-07-31,0.369,27340020,0.9733325378641923,0.0
2025-08-01,0.367,24558751,0.9242068836653224,-0.0027247956403270157
2025-08-04,0.367,20611760,0.7661539998919522,0.013623978201634968
2025-08-05,0.368,22108330,0.8795866338724362,0.013586956521739246
2025-08-06,0.368,18194077,0.8063825533911722,0.029891304347826164
2025-08-07,0.369,23614767,1.0823754762052198,0.013550135501354976
2025-08-08,0.366,17784306,0.8691106840131345,0.032786885245901676
2025-08-11,0.372,16758064,0.8510126758255147,0.024193548387096753
2025-08-12,0.373,20533203,1.0596752107204197,0.013404825737265424
2025-08-13,0.379,20961108,1.0517211952605043,0.0026385224274405594
2025-08-14,0.374,26675305,1.2985487886486784,0.021390374331550888
2025-08-15,0.378,16948826,0.8318319240355574,0.0185185185185186
2025-08-18,0.381,19512606,0.932448177332602,0.03149606299212593
2025-08-19,0.378,25657446,1.1688477961395045,0.02645502645502651
2025-08-20,0.38,20364287,0.9327854723504277,0.0
2025-08-21,0.382,19834353,0.9692549911150111,0.0
2025-08-22,0.385,20134445,0.954210726454513,0.0051948051948051965
2025-08-25,0.393,27880201,1.2242039947543326,0.010178117048346147
2025-08-26,0.388,20594931,0.9463867512873592,0.012886597938144284
2025-08-27,0.38,27953809,1.2007883159998494,0.021052631578947434
2025-08-28,0.382,30925735,1.2128774109282627,-0.015706806282722474
2025-08-29,0.387,23959421,0.912294321302,0.0
2025-09-01,0.397,29239277,1.1019287599309922,0.012594458438287104
2025-09-02,0.393,24598989,0.8998934504314037,-0.0025445292620864812
2025-09-03,0.388,21062068,0.8114184413064973,0.010309278350515427
2025-09-04,0.376,30344306,1.1742783378921813,0.05053191489361697
2025-09-05,0.387,23766955,0.9211170127770298,0.015503875968992276
2025-09-08,0.402,35827528,1.3210755416344648,-0.01741293532338306
2025-09-09,0.392,23947129,0.8872725599624732,0.012755102040816313
2025-09-10,0.392,16749034,0.6410625082941049,0.012755102040816313
2025-09-11,0.395,24572512,0.9839776757848779,-0.0075949367088608
2025-09-12,0.393,20185574,0.8321767086245777,-0.012722646310432628
2025-09-15,0.395,15789319,0.77976899233737,-0.02278481012658229
2025-09-16,0.397,15709824,0.84455731760774,-0.04534005037783384
2025-09-17,0.397,18268272,0.9663144763443253,-0.030226700251889227
2025-09-18,0.392,23537781,1.2588291336139386,-0.010204081632653073
2025-09-19,0.388,20718476,1.101769137457214,-0.015463917525773252
2025-09-22,0.386,14068706,0.7620931609644703,-0.005181347150259086
2025-09-23,0.379,22348466,1.1293754692978242,0.03430079155672816
2025-09-24,0.385,14807885,0.7754336623394186,0.023376623376623495
2025-09-25,0.388,15093929,0.867093815304495,-0.005154639175257714
2025-09-26,0.382,14534399,0.898812028710981,-0.010471204188481686
2025-09-29,0.384,17222909,1.0250805558183624,-0.02864583333333337
2025-09-30,0.392,16241366,1.04244314875152,-0.0357142857142857
2025-10-09,0.394,17195462,1.0708604074590664,-0.043147208121827485
2025-10-10,0.386,16470990,1.008446983844732,-0.04663212435233166
2025-10-13,0.378,21533304,1.214320156501795,-0.02645502645502651
2025-10-14,0.373,23552526,1.2396895211351393,-0.002680965147453085
2025-10-15,0.378,15685033,0.8304467889626045,-0.021164021164021163
2025-10-16,0.377,13077201,0.7239447503513489,-0.018567639257294433
2025-10-17,0.368,18481754,1.000855108368133,0.010869565217391353
2025-10-20,0.368,12203788,0.7351652768685106,0.016304347826086918
2025-10-21,0.372,11040079,0.7831192338027594,0.0
2025-10-22,0.37,10782394,0.8220140648770602,0.013513513513513598
2025-10-23,0.37,16502139,1.195631225515016,-0.008108108108108136
2025-10-24,0.372,11963430,0.957199525121924,-0.005376344086021501
2025-10-27,0.374,16541971,1.2376154258716066,-0.013368983957219305
2025-10-28,0.372,11354104,0.845503512910558,-0.024193548387096753
2025-10-29,0.375,15176500,1.0607278265424387,-0.03200000000000003
2025-10-30,0.367,21019050,1.3818312273917888,-0.013623978201634857
2025-10-31,0.37,16831121,1.0399499418865494,-0.024324324324324298
2025-11-03,0.369,11775090,0.7730914749638783,-0.005420054200542035
2025-11-04,0.363,19645237,1.163169648730438,0.005509641873278293
2025-11-05,0.363,11850728,0.7304332407402225,0.008264462809917328
2025-11-06,0.362,12934042,0.885453981201491,0.016574585635359185
2025-11-07,0.361,10777748,0.8045155442412157,0.011080332409972415
2025-11-10,0.367,13842262,1.0023358864632865,-0.02452316076294281
2025-11-11,0.365,11512266,0.9449133498692632,-0.021917808219178103
2025-11-12,0.366,12183933,0.9946026996689369,-0.032786885245901676
2025-11-13,0.368,11211107,0.9416775149076099,-0.04619565217391308
2025-11-14,0.365,13259050,1.069129616789718,-0.05753424657534256
2025-11-17,0.358,20494447,1.4924415463069955,-0.027932960893854775
2025-11-18,0.357,12654700,0.9064550974906794,-0.02801120448179273
2025-11-19,0.354,12427482,0.8870843838573836,-0.016949152542372947
2025-11-20,0.351,16000968,1.0690596546903017,-0.017094017094017144
2025-11-21,0.344,27340954,1.5374156288264302,0.005813953488372103
2025-11-24,0.348,15427125,0.919910488133692,0.0
2025-11-25,0.347,13957646,0.8195514782451947,-0.011527377521613702
2025-11-26,0.348,14205590,0.8170491737804699,-0.02011494252873547
2025-11-27,0.345,13643814,0.8066091155474323,-0.01159420289855062
2025-11-28,0.346,8005636,0.6135545058522626,-0.005780346820809301
2025-12-01,0.348,10613617,0.8782282278629556,-0.008620689655172376
2025-12-02,0.343,11695661,1.005398275279356,0.0
2025-12-03,0.341,14465673,1.2379821403731637,0.0058651026392961825
2025-12-04,0.341,8933639,0.8315896611821234,-0.0029325513196480912
2025-12-05,0.344,13716282,1.1540859524274616,-0.005813953488371992
2025-12-08,0.345,9378052,0.8058226230465333,-0.014492753623188248
2025-12-09,0.343,11725650,1.0070243721256953,-0.014577259475218707
2025-12-10,0.343,12542839,1.113998869058592,0.0
2025-12-11,0.34,12012311,1.0115607486460578,0.01764705882352935
2025-12-12,0.342,12781723,1.093565814504734,0.020467836257309857
2025-12-15,0.34,11425778,0.9444618059283895,0.020588235294117574
2025-12-16,0.338,12973985,1.0507525061780172,0.017751479289940697
2025-12-17,0.343,12344856,1.0030164293651342,0.005830903790087216
2025-12-18,0.346,13424692,1.066280499856444,0.00867052023121384
2025-12-19,0.349,15255019,1.1658521378820388,-0.005730659025787954
2025-12-22,0.347,9773878,0.7663090460877844,-0.0057636887608069065
2025-12-23,0.344,13040121,1.021335676619052,-0.005813953488371992
2025-12-24,0.345,10188915,0.8259145099612736,-0.014492753623188248
2025-12-25,0.349,12234959,1.011272448339881,0.025787965616045794
2025-12-26,0.347,13103322,1.1229905386751162,0.043227665706051965
2025-12-29,0.345,16017456,1.2400334673313786,0.049275362318840665
2025-12-30,0.342,10378740,0.8380306427658226,0.07017543859649122
2025-12-31,0.34,10967177,0.8745524480103826,0.10294117647058809
2026-01-05,0.358,33251339,1.9859125573827976,0.06424581005586605
2026-01-06,0.362,28235910,1.42821104352788,0.06906077348066297
2026-01-07,0.362,21179020,1.0181028211444378,0.07734806629834257
2026-01-08,0.366,23969647,1.019090841428805,0.051912568306010876
2026-01-09,0.375,26540552,0.9964430052312244,0.0
2026-01-12,0.381,26946570,1.061961422933258,-0.023622047244094557
2026-01-13,0.387,40318983,1.4507951911144152,-0.05167958656330751
2026-01-14,0.39,44898426,1.3800108459745835,-0.05641025641025643
2026-01-15,0.385,24671769,0.7550596077888898,-0.04935064935064937
2026-01-16,0.375,23700241,0.7381597468465466,-0.010666666666666713
2026-01-19,0.372,15502221,0.5198890092026622,-0.008064516129032251
2026-01-20,0.367,20635105,0.7972900806367396,-0.010899182561307952
2026-01-21,0.368,16997392,0.8372544527294781,-0.029891304347826164
2026-01-22,0.366,15912675,0.8578480287702002,-0.010928961748633892
2026-01-23,0.371,19503395,1.1012547398223038,-0.040431266846361225
2026-01-26,0.369,25618993,1.2982480259976024,-0.056910569105691144
2026-01-27,0.363,23829759,1.1697055298640966,-0.024793388429752095
2026-01-28,0.357,30597643,1.325003887627031,0.008403361344537785
2026-01-29,0.362,26822940,1.0612629797583704,-0.0055248618784530246
2026-01-30,0.356,20839492,0.8158986535832797,0.00561797752808979
2026-02-02,0.348,24032763,0.9527540493001425,0.031609195402298784
2026-02-03,0.354,17857609,0.7431353542946038,0.02259887005649719
2026-02-04,0.36,20750917,0.9406263366219532,0.0
2026-02-05,0.36,16306421,0.8170597367786704,-0.005555555555555536
2026-02-06,0.358,13371407,0.72419491403931,-0.013966480446927387
2026-02-09,0.359,15784410,0.9387573782486383,-0.01671309192200554
2026-02-10,0.362,14787255,0.9127888982290336,-0.016574585635359185
2026-02-11,0.36,8706857,0.6313310521801111,-0.022222222222222254
2026-02-12,0.358,12817310,0.9789102301992604,-0.011173184357541888
2026-02-13,0.353,15454552,1.1439277680494013,-0.014164305949008527
2026-02-24,0.353,13348326,1.0249918988609261,-0.03966005665722372
2026-02-25,0.356,10535211,0.8654962609338701,-0.06179775280898869
2026-02-26,0.352,15946346,1.1707736710711305,-0.051136363636363535
2026-02-27,0.354,10842811,0.8198444405200241,-0.03389830508474567
2026-03-02,0.348,28294133,1.7915201911303844,-0.03160919540229867
2026-03-03,0.339,29537328,1.5520503741289458,0.008849557522123908
2026-03-04,0.334,19990768,0.9554776379695419,0.026946107784431073
2026-03-05,0.334,15226375,0.7328023687039011,0.017964071856287456
2026-03-06,0.342,17982705,0.8098033411458744,-0.011695906432748537
2026-03-09,0.337,22717251,1.0771122486872933,0.005934718100890191
2026-03-10,0.342,14841523,0.817637083559951,-0.00877192982456143
2026-03-11,0.343,11392895,0.6933295483954266,-0.014577259475218707
2026-03-12,0.34,17212471,1.0227638956635867,-0.02352941176470591
2026-03-13,0.338,13548893,0.8498543142876022,-0.03550295857988173
2026-03-16,0.339,12986535,0.9278440295139128,-0.07964601769911506
2026-03-17,0.339,20499761,1.3550773787950128,-0.05899705014749268
2026-03-18,0.338,14513664,0.9213699861114574,-0.041420118343195256
2026-03-19,0.332,23511775,1.3820598056247597,-0.03915662650602414
2026-03-20,0.326,21499434,1.1557447471711704,0.0030674846625766694
2026-03-23,0.312,38197358,1.6154929109974734,0.05769230769230771
2026-03-24,0.319,21124491,0.8887283824285873,0.034482758620689724
2026-03-25,0.324,15820960,0.6583616704353573,0.05246913580246915
2026-03-26,0.319,16486283,0.7286527802899155,0.06269592476489039
2026-03-27,0.327,20498866,0.9140836222131147,0.00917431192660545
2026-03-30,0.33,17777408,0.9692396764304377,0.0060606060606061
2026-03-31,0.33,17942684,1.0134109335607884,0.027272727272727337
2026-04-01,0.341,28264829,1.3996637320346514,-0.014662756598240456
2026-04-02,0.339,19071560,0.9208389789857979,0.0
2026-04-03,0.33,16837544,0.8427703258528225,0.015151515151515138
2026-04-07,0.332,13176764,0.6913787642816451,0.015060240963855387
2026-04-08,0.339,17927774,0.9408092831380555,-0.005899705014749235
2026-04-09,0.336,12592369,0.7909182260118524,0.0029761904761904656
2026-04-10,0.339,14626815,0.9730287805423607,-0.02359882005899705
2026-04-13,0.335,13844451,0.9591798173967907,-0.0029850746268657025
2026-04-14,0.337,22593167,1.3846469582681904,-0.014836795252225476
2026-04-15,0.337,16679343,1.0380970483460465,-0.0029673590504450953
2026-04-16,0.337,16726583,0.9900859424546781,-0.005934718100890191
2026-04-17,0.331,21031191,1.157152810404344,0.012084592145015005
2026-04-20,0.334,14530993,0.7935119231681315,-0.005988023952095856
2026-04-21,0.332,10901777,0.6824710419334886,0.024096385542168752
2026-04-22,0.336,14725975,0.9449841438629978,0.005952380952380931
2026-04-23,0.335,16074128,1.0402072559890196,0.0029850746268655914
2026-04-24,0.335,15162794,1.0618847499526827,0.0
2026-04-27,0.332,12981188,0.9292739489706634,0.01807228915662651
2026-04-28,0.34,22981579,1.4025872893749143,-0.008823529411764675
2026-04-29,0.338,14851733,0.9050259360526378,0.00591715976331364
2026-04-30,0.336,14812712,0.9167416078666958,0.0029761904761904656
2026-05-06,0.335,23750359,1.3286531919736329,0.0029850746268655914
2026-05-07,0.338,13048088,0.7293960070488874,-0.026627218934911268
2026-05-08,0.337,10894966,0.7041925850635626,-0.029673590504451064
2026-05-11,0.34,24127153,1.3924875958173946,-0.05294117647058827
2026-05-12,0.337,19746699,1.078261920348937,-0.035608308605341255
2026-05-13,0.336,16919369,0.9983545417827253,-0.044642857142857206
2026-05-14,0.329,26524358,1.3503548859262327,-0.015197568389057725
2026-05-15,0.327,16291562,0.7862029277899332,-0.01834862385321101
2026-05-18,0.322,15697135,0.8246101931407793,0.0
2026-05-19,0.325,13818850,0.7741542154345046,-0.015384615384615441
2026-05-20,0.321,14592690,0.8393878625491439,-0.012461059190031154
2026-05-21,0.324,33410771,1.7807489607189808,-0.03395061728395066
2026-05-22,0.321,19686616,1.0126228547351297,-0.01869158878504673
2026-05-25,0.322,14366154,0.7492120919303318,-0.02795031055900621
2026-05-26,0.32,18855848,0.9342711094080224,-0.034375000000000044
2026-05-27,0.317,18041975,0.8643991563774501,-0.03785488958990535
2026-05-28,0.313,17929715,1.0086438381829188,-0.03833865814696491
2026-05-29,0.315,18307545,1.046130639273134,-0.04761904761904767
2026-06-01,0.313,16823600,0.9350737160080478,
2026-06-02,0.309,28379753,1.4263678484118245,
2026-06-03,0.305,18058592,0.907474185346506,
2026-06-04,0.301,19313841,0.9572364833988284,
2026-06-05,0.3,15993236,0.8112709082169853,
