date,close,volume,v6_turnover,future_return_5d
2023-10-16,0.952,686804,,-0.05567226890756294
2023-10-17,0.953,588777,,-0.039874081846799525
2023-10-18,0.937,623980,,-0.01707577374599789
2023-10-19,0.92,1375596,,0.003260869565217428
2023-10-20,0.925,814465,,0.01729729729729712
2023-10-23,0.899,762988,,0.05339265850945485
2023-10-24,0.915,997095,,0.030601092896174853
2023-10-25,0.921,902100,,0.01845819761129186
2023-10-26,0.923,569101,,0.003250270855904569
2023-10-27,0.941,646754,,-0.011689691817215575
2023-10-30,0.947,670086,,-0.009503695881731833
2023-10-31,0.943,526213,,-0.014846235418875864
2023-11-01,0.938,354000,,-0.018123667377398567
2023-11-02,0.926,607213,,-0.002159827213822907
2023-11-03,0.93,629743,,-0.012903225806451646
2023-11-06,0.938,1099540,,-0.015991471215351716
2023-11-07,0.929,1131147,,-0.008611410118406937
2023-11-08,0.921,737012,,0.019543973941367865
2023-11-09,0.924,704224,,0.0021645021645022577
2023-11-10,0.918,481653,0.6461458775405237,0.01089324618736387
2023-11-13,0.923,581900,0.7861608135920031,0.007583965330444142
2023-11-14,0.921,577413,0.7806980735755539,0.011943539630836053
2023-11-15,0.939,1542959,1.9641514379358118,-0.02768903088391894
2023-11-16,0.926,1110176,1.4375134907381186,-0.009719222462203025
2023-11-17,0.928,632932,0.8292998889103552,-0.0237068965517242
2023-11-20,0.93,752522,0.98666933966479,-0.032258064516129115
2023-11-21,0.932,690612,0.9240625397228931,-0.0311158798283262
2023-11-22,0.913,1060607,1.404237456496035,-0.009857612267250793
2023-11-23,0.917,1004004,1.2920954061944403,-0.02071973827699025
2023-11-24,0.906,612410,0.7898820394152956,-0.008830022075055233
2023-11-27,0.9,531394,0.69157375410228,0.007777777777777883
2023-11-28,0.903,362559,0.47692518162959535,-0.01218161683277963
2023-11-29,0.904,446592,0.5839096918977876,0.005530973451327359
2023-11-30,0.898,545430,0.7160303538687569,0.006681514476614803
2023-12-01,0.898,586729,0.7724277843035872,-0.00111358574610243
2023-12-04,0.907,1063235,1.4031002585858212,-0.02094818081587657
2023-12-05,0.892,795272,1.0732679988407272,-0.005605381165919243
2023-12-06,0.909,957154,1.272830042626297,-0.04290429042904298
2023-12-07,0.904,788462,1.0426622824693046,-0.03761061946902655
2023-12-08,0.897,551821,0.7263582385443166,-0.024526198439241975
2023-12-11,0.888,636454,0.834762905281926,-0.029279279279279313
2023-12-12,0.887,386522,0.5133828570168668,-0.03269447576099216
2023-12-13,0.87,566336,0.8043846759617399,-0.01379310344827589
2023-12-14,0.87,639218,0.9393174930833456,-0.0045977011494252595
2023-12-15,0.875,542899,0.8030912487300514,0.010285714285714231
2023-12-18,0.862,483033,0.7290655324007114,0.03248259860788871
2023-12-19,0.858,375481,0.5805384391554107,0.034965034965035
2023-12-20,0.858,549819,0.8850330596232189,0.03962703962703973
2023-12-21,0.866,635198,1.053744279412987,0.06004618937644346
2023-12-22,0.884,865686,1.4065567042269038,0.040723981900452566
2023-12-25,0.89,492122,0.8021534109718793,0.03370786516853941
2023-12-26,0.888,377974,0.6153203992662206,0.03828828828828823
2023-12-27,0.892,570841,0.9199926573484615,0.02130044843049328
2023-12-28,0.918,953032,1.4871039801867603,-0.013071895424836666
2023-12-29,0.92,810114,1.2424420120035216,-0.02826086956521745
2024-01-02,0.92,736987,1.1592926931418448,-0.016304347826086918
2024-01-03,0.922,790975,1.2446373474759655,-0.02386117136659438
2024-01-04,0.911,575278,0.9332677495560604,0.005488474204171201
2024-01-05,0.906,817483,1.3230799384297813,0.0055187637969094094
2024-01-08,0.894,550225,0.8906432241632734,0.007829977628635243
2024-01-09,0.905,643538,1.041091063719504,-0.0044198895027623974
2024-01-10,0.9,550980,0.8796525390032697,-0.03222222222222226
2024-01-11,0.916,788253,1.2365590891806315,-0.04912663755458524
2024-01-12,0.911,741864,1.154492038535979,-0.04939626783754125
2024-01-15,0.901,721378,1.1072349203135685,-0.08435072142064381
2024-01-16,0.901,794502,1.1910029658822356,-0.07214206437291903
2024-01-17,0.871,699939,1.024336852383415,-0.027554535017221604
2024-01-18,0.871,895474,1.2781673331623826,0.0011481056257176547
2024-01-19,0.866,794647,1.121488428860262,0.010392609699769073
2024-01-22,0.825,1092802,1.5179483731812573,0.040000000000000036
2024-01-23,0.836,970906,1.3052274918546458,0.0071770334928229484
2024-01-24,0.847,922422,1.1962696574423992,-0.0365997638724912
2024-01-25,0.872,1033089,1.3008011640474926,-0.06307339449541294
2024-01-26,0.875,639081,0.8209166164256156,-0.09028571428571419
2024-01-29,0.858,718476,0.9283655781555842,-0.09673659673659674
2024-01-30,0.842,576237,0.7523879962779947,-0.029691211401425166
2024-01-31,0.816,737371,0.9661604519670374,0.04289215686274517
2024-02-01,0.817,517365,0.6804733805637132,0.05263157894736836
2024-02-02,0.796,1050294,1.360586411818554,0.0879396984924623
2024-02-05,0.775,869277,1.1032907631380968,0.1238709677419354
2024-02-06,0.817,914185,1.140696390226884,0.07711138310893517
2024-02-07,0.851,1188423,1.4261659301865446,0.04347826086956519
2024-02-08,0.86,866353,1.0348167726095514,0.04418604651162794
2024-02-19,0.866,660369,0.7926366789316667,0.026558891454965483
2024-02-20,0.871,534874,0.6492731344082568,0.029850746268656803
2024-02-21,0.88,1003862,1.2032785938116368,0.007954545454545547
2024-02-22,0.888,691269,0.8290199496593346,0.024774774774774855
2024-02-23,0.898,568766,0.695735332721552,0.024498886414253906
2024-02-26,0.889,659731,0.8137216351718443,0.04049493813273353
2024-02-27,0.897,561440,0.7159493974351863,0.030100334448160515
2024-02-28,0.887,776918,1.0031348367138586,0.04735062006764368
2024-02-29,0.91,927761,1.1974863604016253,0.05274725274725256
2024-03-01,0.92,906294,1.1794294584466019,0.04456521739130426
2024-03-04,0.925,710882,0.9208228393162319,0.051891891891891806
2024-03-05,0.924,924559,1.1818297442898384,0.031385281385281294
2024-03-06,0.929,577207,0.7377767268265248,0.03336921420882666
2024-03-07,0.958,3365812,3.6833859890331615,0.01565762004175375
2024-03-08,0.961,1891100,1.9248448398564921,0.048907388137356955
2024-03-11,0.973,1947841,1.8959928939238249,0.038026721479959
2024-03-12,0.953,1505156,1.421111333618659,0.05246589716684147
2024-03-13,0.96,1570259,1.4380401262409293,0.043749999999999956
2024-03-14,0.973,1910458,1.6936000501043595,0.033915724563206684
2024-03-15,1.008,3522317,2.7936189555605124,-0.02777777777777779
2024-03-18,1.01,3209613,2.311891697935891,-0.023762376237623783
2024-03-19,1.003,2180174,1.4825357457251553,-0.018943170488534333
2024-03-20,1.002,1526518,1.019919940736435,-0.031936127744511045
2024-03-21,1.006,1868072,1.200912426836684,-0.017892644135188873
2024-03-22,0.98,3148571,1.869104879826865,0.04285714285714293
2024-03-25,0.986,2311164,1.3078809429520293,0.05679513184584173
2024-03-26,0.984,1848827,1.0094742481217942,0.07012195121951215
2024-03-27,0.97,1220830,0.6586013184919706,0.12268041237113403
2024-03-28,0.988,1703367,0.9000851039185399,0.09919028340080982
2024-03-29,1.022,2711576,1.367607444770874,0.066536203522505
2024-04-01,1.042,2913708,1.3922158875253963,0.052783109404990425
2024-04-02,1.053,2300785,1.064356444231543,0.03893637226970581
2024-04-03,1.089,4120930,1.7619441727420426,0.01469237832874204
2024-04-08,1.086,5919135,2.399791966013007,0.016574585635359185
2024-04-09,1.09,4353849,1.6812451067370877,-0.03211009174311941
2024-04-10,1.097,2856806,1.0841333407587153,-0.01731996353691878
2024-04-11,1.094,3526576,1.2888699533025416,-0.000914076782449813
2024-04-12,1.105,2316687,0.8352942294192625,-0.017194570135746545
2024-04-15,1.104,2277918,0.8159108632216068,-0.03894927536231896
2024-04-16,1.055,3017477,1.0906691270855728,-0.040758293838862536
2024-04-17,1.078,1997690,0.7382356386636822,-0.051948051948051965
2024-04-18,1.093,2066119,0.765135671831251,-0.055809698078682524
2024-04-19,1.086,2196944,0.8036076428509807,-0.023941068139963217
2024-04-22,1.061,1752760,0.6424870887957177,-0.006597549481621057
2024-04-23,1.012,3361269,1.2273134737335496,0.031620553359683834
2024-04-24,1.022,1821362,0.6710416938574585,0.02935420743639927
2024-04-25,1.032,1753719,0.6472540892464661,0.027131782945736482
2024-04-26,1.06,1634566,0.5987065640039,-0.007547169811320753
2024-04-29,1.054,1839459,0.6720794105372306,0.022770398481973375
2024-04-30,1.044,1530273,0.5714448208253806,0.04022988505747138
2024-05-06,1.052,1936487,0.7365755541503535,0.019011406844106515
2024-05-07,1.06,1719927,0.6615109825195419,0.017924528301886733
2024-05-08,1.052,1587962,0.6420290219830459,0.014258555133079831
2024-05-09,1.078,2305313,1.0055197282682549,-0.01576994434137302
2024-05-10,1.086,1963496,0.9035292471885734,-0.009208103130755041
2024-05-13,1.072,1870669,0.8807982677927718,0.041977611940298365
2024-05-14,1.079,1520211,0.7512722660771448,0.002780352177942591
2024-05-15,1.067,2055667,1.0224836609889736,0.004686035613870709
2024-05-16,1.061,1904405,0.9561280030324502,-0.022620169651272448
2024-05-17,1.076,1789380,0.9269555138747272,-0.036245353159851446
2024-05-20,1.117,4238313,2.07514775216722,-0.058191584601611446
2024-05-21,1.082,2982244,1.4281264155288522,-0.02957486136783738
2024-05-22,1.072,2349531,1.1210393259653306,0.004664179104477473
2024-05-23,1.037,2577443,1.2060555575520449,0.0077145612343298975
2024-05-24,1.037,2074175,1.0006970999263243,0.002892960462873795
2024-05-27,1.052,2335412,1.11293162334592,-0.03136882129277585
2024-05-28,1.05,2334685,1.0973941058648282,-0.018095238095238164
2024-05-29,1.077,3977952,1.7721923888185338,-0.06499535747446616
2024-05-30,1.045,2127309,0.941686051352637,-0.026794258373205815
2024-05-31,1.04,1156642,0.5162747979271111,-0.020192307692307843
2024-06-03,1.019,2148340,0.9544131914213433,-0.02257114818449446
2024-06-04,1.031,1530752,0.6829156281206153,-0.02521823472356932
2024-06-05,1.007,2091507,0.9227213832365623,-0.01886792452830177
2024-06-06,1.017,2047301,0.9083888132946206,-0.025565388397246758
2024-06-07,1.019,1826495,0.8128877123953121,-0.04023552502453376
2024-06-11,0.996,1950651,0.8666013674626262,-0.011044176706827336
2024-06-12,1.005,1065280,0.478095473863758,-0.015920398009950154
2024-06-13,0.988,1846573,0.8326449760666306,-0.006072874493927127
2024-06-14,0.991,1036370,0.4766414660414744,-0.014127144298688221
2024-06-17,0.978,1370064,0.6362471308974829,-0.023517382413087984
2024-06-18,0.985,2761371,1.3278983215643858,-0.029441624365482255
2024-06-19,0.989,1790019,0.8861946985722415,-0.023255813953488413
2024-06-20,0.982,2126734,1.0587330577478697,-0.03971486761710796
2024-06-21,0.977,1556487,0.7950565814033512,-0.015353121801433
2024-06-24,0.955,1220757,0.637459350939817,0.03141361256544495
2024-06-25,0.956,1339785,0.718285668056844,0.01778242677824271
2024-06-26,0.966,1860058,1.0100653950792398,0.007246376811594235
2024-06-27,0.943,1177421,0.6919917169351814,0.024390243902439046
2024-06-28,0.962,1493100,0.8941867887390436,0.031185031185031242
2024-07-01,0.985,1602251,0.9469200311240851,-0.004060913705583813
2024-07-02,0.973,1064898,0.650163072243333,0.029804727646454365
2024-07-03,0.973,1084165,0.6710750952136323,0.014388489208633004
2024-07-04,0.966,1479078,0.9332058587094841,0.06107660455486541
2024-07-05,0.992,1987527,1.2563745524364738,0.014112903225806495
2024-07-08,0.981,1427813,0.9140810672026563,0.03261977573904162
2024-07-09,1.002,1954310,1.2509961493161852,0.019960079840319445
2024-07-10,0.987,1833539,1.145520849472953,0.008105369807497542
2024-07-11,1.025,2744563,1.6679046778957718,-0.030243902439024306
2024-07-12,1.006,2432497,1.4180994662896644,-0.02882703777335982
2024-07-15,1.013,1655659,0.9572487675774582,-0.047384007897334546
2024-07-16,1.022,1367568,0.823880093121835,-0.10078277886497067
2024-07-17,0.995,2002973,1.1989835858251414,-0.08442211055276383
2024-07-18,0.994,2014743,1.2100852176833599,-0.10663983903420526
2024-07-19,0.977,1711976,1.02345976636274,-0.06857727737973385
2024-07-22,0.965,1226168,0.7329137050788742,-0.059067357512953333
2024-07-23,0.919,2005425,1.1753154481785182,-0.020674646354733373
2024-07-24,0.911,1453422,0.8620764922048918,0.027442371020856227
2024-07-25,0.888,1580831,0.9265620760679183,0.05067567567567566
2024-07-26,0.91,1927606,1.1156091851922845,0.007692307692307665
2024-07-29,0.908,1050985,0.6181220079688885,-0.01541850220264318
2024-07-30,0.9,1211388,0.7094047956332932,-0.00666666666666671
2024-07-31,0.936,1696846,0.9761829720462154,-0.04166666666666674
2024-08-01,0.933,1353683,0.7815829560234694,-0.048231511254019366
2024-08-02,0.917,908604,0.5414706692213688,-0.026172300981461283
2024-08-05,0.894,1203965,0.7223049420742891,-0.0011185682326622093
2024-08-06,0.894,956806,0.5917305372014382,0.003355704697986628
2024-08-07,0.897,1350423,0.8478261217597328,-0.01449275362318847
2024-08-08,0.888,1057392,0.7009800801883791,0.005630630630630629
2024-08-09,0.893,1329301,0.9146850569625489,0.0011198208286673506
2024-08-12,0.893,826596,0.5854763274222439,0.01791713325867872
2024-08-13,0.897,988252,0.7095080891476354,0.0011148272017837968
2024-08-14,0.884,1123076,0.8326023534882122,0.02714932126696845
2024-08-15,0.893,1117433,0.8569212986199711,0.002239641657334923
2024-08-16,0.894,1185928,0.9281693409245394,-0.0022371364653244186
2024-08-19,0.909,1574633,1.2158110027199978,-0.005500550055005493
2024-08-20,0.898,1913419,1.482662019065121,-0.007795100222717122
2024-08-21,0.908,1996449,1.5151233895189182,-0.02753303964757714
2024-08-22,0.895,864022,0.6740480591050203,-0.005586592178770999
2024-08-23,0.892,769627,0.6288103335666234,0.004484304932735439
2024-08-26,0.904,869977,0.7160946949150171,-0.03207964601769919
2024-08-27,0.891,863297,0.72092423258735,-0.014590347923681302
2024-08-28,0.883,1193066,1.0177161095078728,-0.029445073612684003
2024-08-29,0.89,940321,0.8165135770462952,-0.03707865168539326
2024-08-30,0.896,1685121,1.4155265985649859,-0.049107142857142905
2024-09-02,0.875,1425950,1.1867543747185156,-0.04342857142857148
2024-09-03,0.878,971688,0.8081919420097445,-0.05125284738041003
2024-09-04,0.857,1219792,1.0200917068291733,-0.017502917152858788
2024-09-05,0.857,1691840,1.3782929612263863,-0.018669778296382722
2024-09-06,0.852,870535,0.7227049147188525,-0.016431924882629123
2024-09-09,0.837,1528003,1.232636786012375,0.009557945041815952
2024-09-10,0.833,1018789,0.8208438910966562,0.04681872749099636
2024-09-11,0.842,906923,0.7371316228558327,0.04869358669833734
2024-09-12,0.841,1317915,1.0625221331064107,0.04875148632580273
2024-09-13,0.838,892982,0.7285382124567126,0.09546539379474939
2024-09-18,0.845,1017906,0.849755455695895,0.09704142011834338
2024-09-19,0.872,1897553,1.5851410397800394,0.10550458715596323
2024-09-20,0.883,1294999,1.1144422969301695,0.14156285390713474
2024-09-23,0.882,1315073,1.1101711058594068,0.25056689342403615
2024-09-24,0.918,1520494,1.2441535598397266,0.22875816993464038
2024-09-25,0.927,2043304,1.5953621298249645,0.09385113268608403
2024-09-26,0.964,1878785,1.4109738639938156,0.06950207468879666
2024-09-27,1.008,907945,0.6892490897451363,0.0
2024-09-30,1.103,4999804,3.2887604409492903,-0.05802357207615594
2024-10-08,1.128,10113322,5.208541819015398,-0.11081560283687941
2024-10-09,1.014,4521909,2.156907390468505,-0.0019723865877712132
2024-10-10,1.031,4128044,1.8311899922097625,-0.033947623666343296
2024-10-11,1.008,2393353,1.0347514081330533,0.012896825396825351
2024-10-14,1.039,2344686,0.9996034304333334,0.00673724735322434
2024-10-15,1.003,1994287,0.8303288553378091,0.04985044865403787
2024-10-16,1.012,2674864,1.0877203205656465,0.042490118577074965
2024-10-17,0.996,1425961,0.5750989577377214,0.04417670682730934
2024-10-18,1.021,2840495,1.1025978520439952,0.022526934378060748
2024-10-21,1.046,2806914,1.0589594791283896,0.007648183556405286
2024-10-22,1.053,2415729,0.8859301679255212,-0.015194681861348536
2024-10-23,1.055,2878004,1.0206497767331717,-0.028436018957346043
2024-10-24,1.04,1776221,0.6312737350138455,-0.018269230769230926
2024-10-25,1.044,1909293,0.6712405622599876,0.015325670498084198
2024-10-28,1.054,1769152,0.6170466804711879,0.006641366223908873
2024-10-29,1.037,2312522,0.7955751785245115,0.055930568948891146
2024-10-30,1.025,1664244,0.5763063328269115,0.07804878048780495
2024-10-31,1.021,1355588,0.4737140124122487,0.08031341821743387
2024-11-01,1.06,4542731,1.492671503465015,0.027358490566037563
2024-11-04,1.061,2780190,0.9481016491254556,0.029217719132893727
2024-11-05,1.095,4098897,1.5575363206913735,-0.017351598173515947
2024-11-06,1.105,4100063,1.5705672407154951,-0.018099547511312264
2024-11-07,1.103,3788433,1.4606956515938858,-0.04895738893925661
2024-11-08,1.089,4057385,1.5157691437028915,-0.053259871441689643
2024-11-11,1.092,2478696,0.9236859649721334,-0.07326007326007333
2024-11-12,1.076,2470626,0.9125791877399346,-0.0269516728624537
2024-11-13,1.085,1974523,0.7388898336697716,-0.029493087557603714
2024-11-14,1.049,2275366,0.8381482577276994,0.0057197330791229906
2024-11-15,1.031,1777580,0.6678594669759483,-0.0038797284190106307
2024-11-18,1.012,1976319,0.754297744025264,0.01086956521739113
2024-11-19,1.047,1944378,0.7488427112302702,-0.0372492836676217
2024-11-20,1.053,2111852,0.8255216811473068,-0.03228869895536568
2024-11-21,1.055,1986621,0.7733885820578664,-0.048341232227488096
2024-11-22,1.027,1014763,0.4020461280759725,-0.010710808179162479
2024-11-25,1.023,1095997,0.44009957360418483,0.0029325513196483133
2024-11-26,1.008,825595,0.34172086678999625,0.016865079365079305
2024-11-27,1.019,1446829,0.6015616840329403,0.006869479882237517
2024-11-28,1.004,940520,0.3944525010860319,0.014940239043824688
2024-11-29,1.016,1108486,0.5009753097855091,0.012795275590551158
2024-12-02,1.026,1232265,0.5771031036646268,0.0019493177387914784
2024-12-03,1.025,1641326,0.8156138810980217,0.007804878048780495
2024-12-04,1.026,1471559,0.782346338307391,0.01949317738791434
2024-12-05,1.019,849801,0.4900744329224673,0.03238469087340534
2024-12-06,1.029,1871537,1.1519050880977628,-0.006802721088435271
2024-12-09,1.028,1361676,0.8679281879227356,-0.021400778210116767
2024-12-10,1.033,1917237,1.2439804660165072,-0.03291384317521773
2024-12-11,1.046,1332497,0.8829686526537294,-0.0497131931166348
2024-12-12,1.052,1149043,0.7909194011360385,-0.05893536121673004
2024-12-13,1.022,1298070,0.9084918445382725,-0.03718199608610573
2024-12-16,1.006,1058922,0.765698684267898,-0.0248508946322068
2024-12-17,0.999,756223,0.571363507868797,-0.010010010010010006
2024-12-18,0.994,1083969,0.8520785494252707,-0.015090543259557387
2024-12-19,0.99,1028083,0.8397862181459393,-0.007070707070707116
2024-12-20,0.984,1086654,0.8850311217627387,-0.0060975609756097615
2024-12-23,0.981,1291200,1.0433310444477448,0.0
2024-12-24,0.989,2589440,1.9531639367811917,-0.03134479271991919
2024-12-25,0.979,1405272,1.0616330573118007,-0.03166496424923393
2024-12-26,0.983,731351,0.556909828209525,-0.0264496439471007
2024-12-27,0.978,1235146,0.9360261580429378,-0.012269938650306789
2024-12-30,0.981,973435,0.7450012036763041,0.004077471967380175
2024-12-31,0.958,1765141,1.3445488953185099,0.01148225469728592
2025-01-02,0.948,1479495,1.1266251784939738,0.029535864978903037
2025-01-03,0.957,1934381,1.4146017232510475,0.01567398119122254
2025-01-06,0.966,2954617,2.0783851857416815,0.03002070393374745
2025-01-07,0.985,1724958,1.1980899272772962,0.025380710659898442
2025-01-08,0.969,1726189,1.2069527409475695,0.03095975232198156
2025-01-09,0.976,1395577,0.9736414126181848,0.04200819672131151
2025-01-10,0.972,1520947,1.04751770631773,0.05144032921810715
2025-01-13,0.995,3186696,2.0607393450840954,0.0170854271356784
2025-01-14,1.01,2530194,1.5618978974885869,-0.003960396039603964
2025-01-15,0.999,1821652,1.0887104883437762,0.00700700700700696
2025-01-16,1.017,3116270,1.7558083853320667,-0.017699115044247704
2025-01-17,1.022,1159800,0.6510533797251435,-0.012720156555773077
2025-01-20,1.012,2226817,1.2112608760665153,-0.006916996047430901
2025-01-21,1.006,1395473,0.7569108230876966,0.010934393638170947
2025-01-22,1.006,1002968,0.5684731777097333,0.02385685884691857
2025-01-23,0.999,1035857,0.5933259260455749,0.04404404404404394
2025-01-24,1.009,1133054,0.6416176465550073,0.03567888999008928
2025-01-27,1.005,815978,0.4676158818211115,0.03980099502487566
2025-02-05,1.017,1230509,0.7000164663376035,0.02163225172074723
2025-02-06,1.03,1334282,0.7684691522829452,0.001941747572815622
2025-02-07,1.043,3944689,2.121319006247441,-0.0028763183125598557
2025-02-10,1.045,2095183,1.1218672451676241,-0.028708133971291905
2025-02-11,1.045,1897571,1.0456473711948402,-0.03732057416267931
2025-02-12,1.039,2104820,1.1478376025909647,-0.023099133782483183
2025-02-13,1.032,2201906,1.185405974329697,-0.011627906976744207
2025-02-14,1.04,5000346,2.4538557368109717,-0.023076923076923106
2025-02-17,1.015,2627236,1.2552099133278252,0.0
2025-02-18,1.006,1225258,0.6141665198198801,-0.003976143141153132
2025-02-19,1.015,1113335,0.5786112747331263,-0.006896551724137834
2025-02-20,1.02,1304987,0.6874442120953511,-0.01666666666666683
2025-02-21,1.016,1424762,0.7855374984379665,-0.030511811023622104
2025-02-24,1.015,1302894,0.7155234681822207,-0.002955665024630405
2025-02-25,1.002,1381401,0.7766677351884288,0.012974051896207595
2025-02-26,1.008,1151208,0.6517210422346494,0.016865079365079305
2025-02-27,1.003,1379325,0.7726315160334658,0.03589232303090739
2025-02-28,0.985,2473278,1.3317950218219137,0.06903553299492371
2025-03-03,1.012,2972719,1.525187455329986,0.052371541501976315
2025-03-04,1.015,2286328,1.1303895524470127,0.05517241379310356
2025-03-05,1.025,1807212,0.8809493052918516,0.044878048780487845
2025-03-06,1.039,2273588,1.0834852782995903,0.037536092396535325
2025-03-07,1.053,2871898,1.4045140444777762,0.0360873694207029
2025-03-10,1.065,2855488,1.3709996936783468,0.015023474178403662
2025-03-11,1.071,2455239,1.1632557453317713,0.02334267040149407
2025-03-12,1.071,2978521,1.3825636076314465,0.022408963585434094
2025-03-13,1.078,2843582,1.3005592106128243,0.012987012987013102
2025-03-14,1.091,4139964,1.9314838406061292,-0.0229147571035746
2025-03-17,1.081,1813748,0.862565416236721,0.005550416281220993
2025-03-18,1.096,1760585,0.8267585992243918,-0.006386861313868675
2025-03-19,1.095,4014323,1.764884741064451,-0.011872146118721338
2025-03-20,1.092,2349251,1.0096637577217165,-0.019230769230769384
2025-03-21,1.066,2451013,1.030669617368562,0.004690431519699612
2025-03-24,1.087,2164731,0.8940846411410747,-0.022999080036798403
2025-03-25,1.089,2627120,1.0578483963909893,-0.02203856749311295
2025-03-26,1.082,2102669,0.830756548788791,-0.025878003696857665
2025-03-27,1.071,1491434,0.5879577726322461,-0.03081232492997188
2025-03-28,1.071,2803932,1.0982171261988418,-0.12885154061624637
2025-03-31,1.062,1448078,0.5846249025812221,-0.10922787193973649
2025-04-01,1.065,2472503,0.9944732092761854,-0.10046948356807506
2025-04-02,1.054,1089162,0.44449397042195893,-0.055977229601518075
2025-04-03,1.038,3365378,1.3435013048962485,-0.033718689788054035
2025-04-07,0.933,4255870,1.6533239362408936,0.10182207931404075
2025-04-08,0.946,2611825,1.0194690255814876,0.07822410147991543
2025-04-09,0.958,1457682,0.5802715853434812,0.06367432150313146
2025-04-10,0.995,2491459,1.0015048143870313,0.019095477386934734
2025-04-11,1.003,948872,0.3965231718719582,0.007976071784645988
2025-04-14,1.028,1486737,0.6577555040249635,0.021400778210116655
2025-04-15,1.02,803293,0.3635145753396179,0.02450980392156854
2025-04-16,1.019,680806,0.31580101167688074,0.01079489695780178
2025-04-17,1.014,959703,0.47911464563075223,0.008875739644970349
2025-04-18,1.011,493553,0.2583653485254341,0.013847675568743778
2025-04-21,1.05,1799443,0.9583165686972845,-0.027619047619047765
2025-04-22,1.045,1007700,0.5537236237746626,-0.024880382775119614
2025-04-23,1.03,1042855,0.5991189371634479,-0.012621359223301098
2025-04-24,1.023,804693,0.4801990322058395,0.018572825024438133
2025-04-25,1.025,640131,0.3919528344560127,0.019512195121951237
2025-04-28,1.021,563857,0.3706707950406921,0.015670910871694366
2025-04-29,1.019,450359,0.3060972074209095,0.014720314033366266
2025-04-30,1.017,370515,0.27120220387336463,0.02556538839724687
2025-05-06,1.042,1102502,0.8065937031739826,0.004798464491362564
2025-05-07,1.045,758957,0.6137744284336478,0.009569377990430672
2025-05-08,1.037,739448,0.6971192666864331,0.004821600771456325
2025-05-09,1.034,574163,0.598812268704025,0.005802707930367523
2025-05-12,1.043,1393174,1.4578881992777395,-0.006711409395973034
2025-05-13,1.047,806356,0.925403783081275,-0.006685768863419206
2025-05-14,1.055,851571,0.9827813520928323,0.007582938388625671
2025-05-15,1.042,536751,0.6553804282462028,0.01055662188099804
2025-05-16,1.04,1072267,1.288100935058158,0.013461538461538414
2025-05-19,1.036,398505,0.48697635652527604,0.01737451737451745
2025-05-20,1.04,342493,0.434931269613182,-0.006730769230769318
2025-05-21,1.063,1244465,1.5084236832209055,-0.029162746942615114
2025-05-22,1.053,541464,0.7104789024910141,-0.015194681861348536
2025-05-23,1.054,584160,0.7884099845289926,-0.02371916508538907
2025-05-26,1.054,1195612,1.5971900637767515,-0.011385199240986688
2025-05-27,1.033,1349864,1.7398950570014826,0.021297192642788065
2025-05-28,1.032,331585,0.43606459413516563,0.018410852713178105
2025-05-29,1.037,446432,0.5916673000613691,0.026036644165863265
2025-05-30,1.029,582107,0.764803636958215,0.03692905733722074
2025-06-03,1.042,540674,0.7025138784671805,0.0249520153550864
2025-06-04,1.055,863021,1.1390709037225397,0.0331753554502372
2025-06-05,1.051,1521227,1.9116488816229427,0.048525214081827084
2025-06-06,1.064,1292179,1.5693144369680236,0.03477443609022557
2025-06-09,1.067,1283210,1.4940924021184696,0.028116213683224034
2025-06-10,1.068,878724,1.0547219121644813,0.027153558052434468
2025-06-11,1.09,1413730,1.6372051461834978,0.004587155963302614
2025-06-12,1.102,1430533,1.6029276257054805,-0.023593466424682408
2025-06-13,1.101,1246013,1.3428119492851298,-0.026339691189827374
2025-06-16,1.097,1481701,1.5623413256399736,-0.013673655423883213
2025-06-17,1.097,781346,0.8075702280143087,-0.008204193254329861
2025-06-18,1.095,679759,0.6905380924619026,0.0009132420091324533
2025-06-19,1.076,879363,0.9101862762064772,0.02323420074349425
2025-06-20,1.072,587121,0.6062681297606958,0.0475746268656716
2025-06-23,1.082,752257,0.7701058195912484,0.038817005545286554
2025-06-24,1.088,677898,0.7128735735651103,0.047794117647058654
2025-06-25,1.096,986715,1.0578220635685969,0.04835766423357657
2025-06-26,1.101,1288246,1.3137152604983333,0.04541326067211626
2025-06-27,1.123,2904674,2.6321780324123183,0.00979519145146912
2025-06-30,1.124,2743252,2.2641898446589033,0.000889679715302405
2025-07-01,1.14,1636250,1.2920881680693013,-0.002631578947368318
2025-07-02,1.149,3330428,2.3964546239981788,-0.02959094865100087
2025-07-03,1.151,1991813,1.4093741805297622,-0.017376194613379692
2025-07-04,1.134,3124598,2.076308264926233,0.01675485008818356
2025-07-07,1.125,1655951,1.086925358180727,0.02933333333333321
2025-07-08,1.137,2395084,1.4975484210140628,0.006156552330694787
2025-07-09,1.115,3042509,1.810181615266833,0.02331838565022415
2025-07-10,1.131,1592381,0.9428688607655797,0.012378426171529622
2025-07-11,1.153,3220839,1.8017578506040959,0.018213356461404873
2025-07-14,1.158,2299047,1.2573565682316243,0.04317789291882557
2025-07-15,1.144,2675277,1.391074469583627,0.08129370629370647
2025-07-16,1.141,1557279,0.7916828308962902,0.07975460122699385
2025-07-17,1.145,1018585,0.5159978403353742,0.11179039301310034
2025-07-18,1.174,2065674,1.0086604923093736,0.08432708688245305
2025-07-21,1.208,3765579,1.7127136517697967,0.04884105960264895
2025-07-22,1.237,2721028,1.182664627254002,0.021827000808407382
2025-07-23,1.232,4410960,1.7843886382725827,0.01948051948051943
2025-07-24,1.273,4259648,1.6254830869390877,-0.0463472113118617
2025-07-25,1.273,2259573,0.8729991477956808,-0.05027494108405328
2025-07-28,1.267,2214910,0.8645674597193266,-0.02920284135753748
2025-07-29,1.264,2237047,0.8630880580174354,-0.022943037974683445
2025-07-30,1.256,2295532,0.9036938023373828,-0.005573248407643283
2025-07-31,1.214,3629593,1.3842552560020962,0.04283360790774293
2025-08-01,1.209,1528972,0.6014191864651536,0.06038047973531846
2025-08-04,1.23,1837052,0.7200374377513016,0.04878048780487809
2025-08-05,1.235,2505805,0.980030423982186,0.03967611336032384
2025-08-06,1.249,2341188,0.9283802993851471,0.05044035228182531
2025-08-07,1.266,2990398,1.153836789630649,0.0308056872037914
2025-08-08,1.282,3017029,1.1687076178086242,0.038221528861154486
2025-08-11,1.29,2290729,0.8875035067509581,0.0364341085271318
2025-08-12,1.284,1755773,0.6925804667767496,0.03504672897196248
2025-08-13,1.312,2834567,1.0906450644658152,0.022103658536585247
2025-08-14,1.305,2886845,1.0722219038357335,0.023754789272030674
2025-08-15,1.331,2655044,0.9754507904069843,0.016528925619834656
2025-08-18,1.337,3907659,1.431918429518914,0.07030665669409131
2025-08-19,1.329,3463038,1.2519713451740395,0.062452972159518394
2025-08-20,1.341,1726531,0.6560150455574606,0.0454884414615957
2025-08-21,1.336,2474703,0.9732964618807037,0.06886227544910173
2025-08-22,1.353,2427556,0.9516101057760304,0.08721359940872153
2025-08-25,1.431,5763972,2.1125432074268202,0.06079664570230614
2025-08-26,1.412,4649322,1.6318761935054211,0.059490084985835745
2025-08-27,1.402,4752316,1.5990809395429448,0.06348074179743235
2025-08-28,1.428,4605921,1.5247753764746894,0.0007002801120448154
2025-08-29,1.471,3241225,1.043424617313726,0.014276002719238567
2025-09-01,1.518,6235502,1.8746307316109736,-0.01910408432147559
2025-09-02,1.496,8231338,2.2785503843729806,0.002673796791443861
2025-09-03,1.491,5123352,1.365629600486827,-0.004024144869215318
2025-09-04,1.429,7026245,1.7772514111057418,0.055983205038488304
2025-09-05,1.492,4921927,1.2156873666115602,0.03686327077747986
2025-09-08,1.489,4584083,1.101057431943651,0.030893216924110067
2025-09-09,1.5,6003638,1.372028296384757,0.010000000000000009
2025-09-10,1.485,4821340,1.0773756706824666,0.022222222222222143
2025-09-11,1.509,3681221,0.8153680631441064,-0.029821073558648048
2025-09-12,1.547,6543397,1.3894880511171472,-0.041370394311570635
2025-09-15,1.535,4640556,0.9778115728529364,-0.02475570032573282
2025-09-16,1.515,8417420,1.6856489632459448,-0.021122112211220956
2025-09-17,1.518,5302238,1.0251092943272588,-0.00988142292490124
2025-09-18,1.464,7740818,1.4240781588379727,0.047131147540983465
2025-09-19,1.483,4510147,0.8141355095037835,0.03304113283884025
2025-09-22,1.497,3587704,0.6605990754348359,0.06546426185704735
2025-09-23,1.483,5303341,0.9706525161230656,0.1146325016857721
2025-09-24,1.503,4307503,0.7916100165878709,0.1956087824351298
2025-09-25,1.533,6344502,1.147625147017663,0.1298108284409656
2025-09-26,1.532,4718503,0.8422531081882221,0.1742819843342036
2025-09-29,1.595,5921147,1.0598988171708297,0.083385579937304
2025-09-30,1.653,7237018,1.3070747479819138,0.05505142165759214
2025-10-09,1.797,11733724,1.9998426539828145,-0.05175292153589317
2025-10-10,1.732,13633464,2.1997673308493897,-0.035219399538106155
2025-10-13,1.799,14068553,2.1139773844415415,-0.08393551973318514
2025-10-14,1.728,14140100,1.982400585171353,-0.03125
2025-10-15,1.744,9970862,1.3600627533537277,-0.052752293577981724
2025-10-16,1.704,6133967,0.8292720269892049,-0.01936619718309851
2025-10-17,1.671,6894562,0.9122836415643143,0.017354877318970674
2025-10-20,1.648,5968240,0.7927298702477046,0.056432038834951515
2025-10-21,1.674,5174441,0.6848654342866008,0.007168458781362075
2025-10-22,1.652,5748305,0.7744999113744523,0.06779661016949157
2025-10-23,1.671,4725554,0.6391824077315638,0.06762417713943747
2025-10-24,1.7,5486222,0.7535612483664086,0.025882352941176467
2025-10-27,1.741,6658491,0.9012807401392143,-0.01263641585295805
2025-10-28,1.686,6937336,0.9182088831976608,-0.011269276393831462
2025-10-29,1.764,6749167,0.8848369078065954,-0.05102040816326536
2025-10-30,1.784,7639712,0.9801799249659378,-0.03139013452914796
2025-10-31,1.744,5026879,0.6504497712233384,-0.0034403669724770714
2025-11-03,1.719,6271420,0.8034144994524823,0.015706806282722363
2025-11-04,1.667,3990151,0.5175690264378782,0.03299340131973594
2025-11-05,1.674,6101284,0.7972802314270938,0.029271206690561602
2025-11-06,1.728,5971162,0.8108041535944848,0.03819444444444442
2025-11-07,1.738,3421762,0.49924243955109704,0.012658227848101333
2025-11-10,1.746,5045549,0.7880274037519112,0.00286368843069873
2025-11-11,1.722,3425727,0.5838936166044147,-0.011614401858304313
2025-11-12,1.723,3562331,0.6422533780118899,0.015670342426001183
2025-11-13,1.794,7234232,1.2914520798053588,-0.02898550724637683
2025-11-14,1.76,4372861,0.7986171157178561,-0.0625
2025-11-17,1.751,3932587,0.7318131044087735,-0.06453455168475153
2025-11-18,1.702,5285790,0.9826119297731365,-0.016451233842538215
2025-11-19,1.75,3786973,0.7170586864743155,-0.04342857142857148
2025-11-20,1.742,4100027,0.7809600303193354,-0.03788748564867972
2025-11-21,1.65,6447826,1.2170156478027014,0.032727272727272716
2025-11-24,1.638,4300506,0.8301872135672305,0.072039072039072
2025-11-25,1.674,3568943,0.7121159180412721,0.03405017921146958
2025-11-26,1.674,2424354,0.50554730036915,0.04062126642771813
2025-11-27,1.676,2881716,0.6322874914099601,0.042959427207637235
2025-11-28,1.704,3009899,0.6753566215778072,0.052230046948356756
2025-12-01,1.756,5416375,1.22708917659827,0.028473804100227706
2025-12-02,1.731,3357507,0.7661394584718538,0.008665511265164572
2025-12-03,1.742,3563313,0.8373484774426903,0.012629161882893314
2025-12-04,1.748,3767599,0.9088858682479168,0.0017162471395879564
2025-12-05,1.793,5055597,1.1960289147897738,-0.012827663134411527
2025-12-08,1.806,5673161,1.3322388760271486,-0.02436323366555926
2025-12-09,1.746,4880437,1.126835003666619,-0.017754868270332125
2025-12-10,1.764,4829043,1.098899055858642,0.006235827664399007
2025-12-11,1.751,3996808,0.9442990152002588,0.011993146773272567
2025-12-12,1.77,3338020,0.7984119781362241,0.020903954802259817
2025-12-15,1.762,2947602,0.7134330473697342,0.048240635641316754
2025-12-16,1.715,5907294,1.4191185903210695,0.08396501457725947
2025-12-17,1.775,4403659,1.0501193482469937,0.0529577464788733
2025-12-18,1.772,4013359,0.9580363887106573,0.04232505643340856
2025-12-19,1.807,4084973,1.0034302927290801,0.06253458771444387
2025-12-22,1.847,4871827,1.18837387579486,0.016783974011911118
2025-12-23,1.859,5546430,1.321066532515528,0.026896180742334685
2025-12-24,1.869,6286545,1.431506703019443,0.031032637774210725
2025-12-25,1.847,4900191,1.0907536311859862,0.0725500812127775
2025-12-26,1.92,7819516,1.652139754827568,0.07291666666666674
2025-12-29,1.878,12752255,2.5005613993200617,0.1011714589989352
2025-12-30,1.909,9679351,1.787226896466279,0.0644316396018858
2025-12-31,1.927,6088531,1.098594417985107,0.08666320705760233
2026-01-05,1.981,8211033,1.4244677081702601,0.06915699141847531
2026-01-06,2.06,8159780,1.3784597940287346,0.03932038834951457
2026-01-07,2.068,9295787,1.5237441237652152,0.03868471953578334
2026-01-08,2.032,10036481,1.5784541272155597,0.08562992125984259
2026-01-09,2.094,9183074,1.3964261450107904,0.0386819484240688
2026-01-12,2.118,10805667,1.5622872251504765,0.027856468366383558
2026-01-13,2.141,11210519,1.5335460946814583,0.020084072863148172
2026-01-14,2.148,12969039,1.6602993352338407,0.0488826815642458
2026-01-15,2.206,14256950,1.7325781994536267,0.013599274705349051
2026-01-16,2.175,14566480,1.6672386856585364,0.05425287356321862
2026-01-19,2.177,10057366,1.1126525212342315,0.10886541111621506
2026-01-20,2.184,12200105,1.2917208547283567,0.09478021978021967
2026-01-21,2.253,9744567,1.0057886924066397,0.13138038171327104
2026-01-22,2.236,8472649,0.8614973268937612,0.1605545617173525
2026-01-23,2.293,7835384,0.790475913041318,0.02006105538595726
2026-01-26,2.414,12628902,1.2262651189641756,-0.1280033140016571
2026-01-27,2.391,17363459,1.611327966270414,-0.059389376829778295
2026-01-28,2.549,16324977,1.490252359690135,-0.11612397018438592
2026-01-29,2.595,23641936,2.0288919562162864,-0.17379576107899808
2026-01-30,2.339,26194639,2.069423588737747,-0.07952116289012401
2026-02-02,2.105,21225405,1.5948568609654663,0.04465558194774344
2026-02-03,2.249,18048539,1.3075717703555099,-0.024010671409515405
2026-02-04,2.253,9481407,0.6864428062157077,0.0013315579227695107
2026-02-05,2.144,10401399,0.752055701843051,0.0592350746268655
2026-02-06,2.153,8257876,0.59907562288015,0.018578727357176028
2026-02-09,2.199,6092699,0.4496883333551005,0.027739881764438312
2026-02-10,2.195,4948320,0.3738642878347026,0.06924829157175405
2026-02-11,2.256,6241051,0.48383220191352094,0.032358156028369
2026-02-12,2.271,6083099,0.4870175487868975,0.06120651695288437
2026-02-13,2.193,7707055,0.6344538829613567,0.13907888736890106
2026-02-24,2.26,6757795,0.5639690703403469,0.045132743362831906
2026-02-25,2.347,9041771,0.7646546590828516,-0.000852151682999458
2026-02-26,2.329,7593331,0.648056340533479,-0.0012881064834693312
2026-02-27,2.41,8799913,0.7499852654136951,-0.054356846473029186
2026-03-02,2.498,12623270,1.0543252672883523,-0.09647718174539632
2026-03-03,2.362,13259419,1.1045495273053942,-0.03513971210838285
2026-03-04,2.345,8870072,0.7660019719079649,-0.031556503198294394
2026-03-05,2.326,8785819,0.7842562098029449,-0.03095442820292349
2026-03-06,2.279,6987934,0.6738579178086442,-0.037735849056603765
2026-03-09,2.257,9343232,0.9806624115112696,-0.058041648205582774
2026-03-10,2.279,4500543,0.5178259521279113,-0.0824923211935058
2026-03-11,2.271,4149849,0.5189716229372143,-0.08630559225010992
2026-03-12,2.254,6620575,0.8430362044580493,-0.1375332741792369
2026-03-13,2.193,6902744,0.8989916392304834,-0.12585499316005477
2026-03-16,2.126,13092812,1.6531192297073465,-0.14252116650987767
2026-03-17,2.091,7395885,0.9261962573888577,-0.09516977522716419
2026-03-18,2.075,6370075,0.7906936625420251,-0.059277108433735015
2026-03-19,1.944,12406758,1.4832462561214317,-0.012860082304526732
2026-03-20,1.917,9231871,1.0832940435250324,0.03077725612936888
2026-03-23,1.823,10427630,1.2043834413853838,0.10148107515085036
2026-03-24,1.892,10216093,1.1568470578995096,0.048097251585623724
2026-03-25,1.952,7816051,0.8912570014702222,0.03790983606557363
2026-03-26,1.919,4393096,0.5102506659929444,0.0375195414278271
2026-03-27,1.976,6291082,0.7415020825965506,-0.0025303643724695624
2026-03-30,2.008,4977174,0.6143191188249001,-0.007968127490039834
2026-03-31,1.983,4501869,0.587400158312994,0.06858295511850732
2026-04-01,2.026,5602440,0.746924617440512,0.03800592300098726
2026-04-02,1.991,5037143,0.6887701034621742,0.05273731793068803
2026-04-03,1.971,3047414,0.4282351262822684,0.06341958396752911
2026-04-07,1.992,2715046,0.4001655168551208,0.07228915662650603
2026-04-08,2.119,7502239,1.0818104558018875,-0.007078810759792442
2026-04-09,2.103,5137457,0.7355750871525965,0.03185924869234413
2026-04-10,2.096,4429296,0.6442885307686671,0.03387404580152653
2026-04-13,2.096,4117045,0.6112525539966766,0.039599236641221225
2026-04-14,2.136,5368811,0.8455854150674719,0.020599250936329527
2026-04-15,2.104,5137963,0.8238763721787452,0.03564638783269958
2026-04-16,2.17,5274975,0.8533386726434412,-0.03317972350230414
2026-04-17,2.167,3438028,0.5996766708566654,-0.022611905860636772
2026-04-20,2.179,4008419,0.7325375915561426,-0.03854979348324905
2026-04-21,2.18,3793952,0.7380828006118305,-0.0628440366972477
2026-04-22,2.179,4610108,0.9485857185761489,-0.01789811840293698
2026-04-23,2.098,7641208,1.57510466528829,0.010009532888465289
2026-04-24,2.118,5021146,1.0283668729877373,0.0382436260623229
2026-04-27,2.095,3263695,0.6898135245422614,0.0534606205250594
2026-04-28,2.043,4231091,0.9013891181281676,0.07978463044542328
2026-04-29,2.14,5640092,1.1871682508228372,0.031775700934579376
2026-04-30,2.119,3802627,0.8158589530503068,0.0325625294950449
2026-05-06,2.199,7010343,1.4729010755276066,0.0045475216007278
2026-05-07,2.207,7521276,1.5093141644959827,-0.03488898957861353
2026-05-08,2.206,5402754,1.0557148443577724,-0.07570262919310966
2026-05-11,2.208,6728432,1.3247719861949823,-0.090126811594203
2026-05-12,2.188,7461637,1.4362712000583466,-0.09460694698354666
2026-05-13,2.209,6090579,1.1539101506409641,-0.10140334993209599
2026-05-14,2.13,6221129,1.1556105227478124,-0.08591549295774636
2026-05-15,2.039,7084865,1.2954077997231028,-0.009808729769494873
2026-05-18,2.009,5219627,0.9536527891043558,0.007964161274265802
2026-05-19,1.981,4130930,0.7627134588378579,0.057546693589096476
2026-05-20,1.985,5014681,0.9126015091494667,0.014105793450881476
2026-05-21,1.947,5406835,0.9716047440521021,0.02259887005649719
2026-05-22,2.019,4943173,0.8792065483957363,-0.026745913818722156
2026-05-25,2.025,6963712,1.2131920193053942,-0.03753086419753082
2026-05-26,2.095,8702050,1.5021576691328413,-0.03818615751789978
2026-05-27,2.013,6577594,1.1203807226683686,0.00943864878291123
2026-05-28,1.991,6201677,1.0305631907392976,-0.010547463586137673
2026-05-29,1.965,5004277,0.8262771644840359,-0.01984732824427493
2026-06-01,1.949,4392999,0.7328920814829702,
2026-06-02,2.015,6172113,1.009746996669131,
2026-06-03,2.032,6251299,1.029091228244933,
2026-06-04,1.97,4819733,0.8114705118177529,
2026-06-05,1.926,4577961,0.7761538153299194,
